,Mirror,Whiteboard,Wallet,Calender,Smartphone,Switch,RAM,Rice Cooker
Mirror,0.0,0.6197960015437207,0.9998805469123113,0.8361135200225404,0.8487972756327979,0.7168857229290121,1.2703748418986252,0.8779827443210864
Whiteboard,0.6197960015437207,0.0,1.254395576371358,0.9998728406153853,1.1421713662021273,1.1200377046089751,1.1783550462769514,1.1032073767581136
Wallet,0.9998805469123113,1.254395576371358,0.0,1.3438709133506674,0.4213800409659971,1.0429557710572503,1.0565670562054157,1.2675443968957825
Calender,0.8361135200225404,0.9998728406153853,1.3438709133506674,0.0,0.9999725105603294,1.2678033762300822,0.9999874887999377,1.1978178715259185
Smartphone,0.8487972756327979,1.1421713662021273,0.4213800409659971,0.9999725105603294,0.0,0.8981831513112071,0.2595798008710496,1.0924419086348152
Switch,0.7168857229290121,1.1200377046089751,1.0429557710572503,1.2678033762300822,0.8981831513112071,0.0,0.5611266293577855,1.153338312776378
RAM,1.2703748418986252,1.1783550462769514,1.0565670562054157,0.9999874887999377,0.2595798008710496,0.5611266293577855,0.0,1.0008539229213738
Rice Cooker,0.8779827443210864,1.1032073767581136,1.2675443968957825,1.1978178715259185,1.0924419086348152,1.153338312776378,1.0008539229213738,0.0
