,Plate,Spray,Tissue,Switch,Adapter,Microphone,Heater,Induction Cooker
Plate,0.0,0.6764660113559391,0.7547209000727753,1.1768345354835061,0.9999663539114136,1.0000852048751125,1.236368315820699,1.0312170013289859
Spray,0.6764660113559391,0.0,0.28694018141563166,1.3472812457108272,0.9709797588275976,0.9999746435437114,0.7284304344436743,0.999182509706655
Tissue,0.7547209000727753,0.28694018141563166,0.0,1.2216805302547564,1.0050518223672547,0.9785863614704277,1.0645269848630918,1.0342867659668535
Switch,1.1768345354835061,1.3472812457108272,1.2216805302547564,0.0,0.7238875666664343,0.42253057485412193,0.5751508082911762,0.44428151252629333
Adapter,0.9999663539114136,0.9709797588275976,1.0050518223672547,0.7238875666664343,0.0,0.8506163062678712,1.0588576773098806,1.0003698111961516
Microphone,1.0000852048751125,0.9999746435437114,0.9785863614704277,0.42253057485412193,0.8506163062678712,0.0,0.9999913079605314,0.5877022069125607
Heater,1.236368315820699,0.7284304344436743,1.0645269848630918,0.5751508082911762,1.0588576773098806,0.9999913079605314,0.0,1.0000829593403513
Induction Cooker,1.0312170013289859,0.999182509706655,1.0342867659668535,0.44428151252629333,1.0003698111961516,0.5877022069125607,1.0000829593403513,0.0
