,Shoes,Box,Whiteboard,Teapot,Smartphone,Smoke detector,Printer,Microwave
Shoes,0.0,0.8410031800678838,0.8590291816666784,1.144980560431363,1.4653847088087046,1.411085937923111,1.8124089729598092,1.654494286697138
Box,0.8410031800678838,0.0,0.9975979613156146,1.1577883259109887,1.0625455747735395,0.9313608708521656,1.1516048366845735,1.4061590182436519
Whiteboard,0.8590291816666784,0.9975979613156146,0.0,1.0911973337253509,0.5075738289349341,0.4063145713660172,1.7356170374117543,0.7265276624102442
Teapot,1.144980560431363,1.1577883259109887,1.0911973337253509,0.0,1.1984651752563984,0.8308810950777826,0.9481671212800342,1.2512608595083885
Smartphone,1.4653847088087046,1.0625455747735395,0.5075738289349341,1.1984651752563984,0.0,1.1030375249146676,0.9358581510176341,0.8494668372379861
Smoke detector,1.411085937923111,0.9313608708521656,0.4063145713660172,0.8308810950777826,1.1030375249146676,0.0,0.9881863614470435,0.8270319906390202
Printer,1.8124089729598092,1.1516048366845735,1.7356170374117543,0.9481671212800342,0.9358581510176341,0.9881863614470435,0.0,0.666389014507802
Microwave,1.654494286697138,1.4061590182436519,0.7265276624102442,1.2512608595083885,0.8494668372379861,0.8270319906390202,0.666389014507802,0.0
