,Smartphone,Smoke detector,Keyboard,Earphone,FLASH Memory,Printer,Microwave,Induction Cooker
Smartphone,0.0,1.1032658520831702,0.7645220732938427,0.4040009072845699,0.7726444488814282,0.9362241770602403,0.8502906674292959,1.0770644666512976
Smoke detector,1.1032658520831702,0.0,1.0043935450652954,0.7040036777500347,0.4239668305487042,0.9838124593774145,0.8279593537963315,0.8465712690888444
Keyboard,0.7645220732938427,1.0043935450652954,0.0,0.4299036975326329,0.44910484855052657,0.7943073909017392,1.213796804891401,0.7250093308653284
Earphone,0.4040009072845699,0.7040036777500347,0.4299036975326329,0.0,0.8016926794428975,0.7296249691649769,8.04765154864597,1.5525308272698328
FLASH Memory,0.7726444488814282,0.4239668305487042,0.44910484855052657,0.8016926794428975,0.0,0.39904711741838317,0.8113275373373047,0.9947263670424957
Printer,0.9362241770602403,0.9838124593774145,0.7943073909017392,0.7296249691649769,0.39904711741838317,0.0,0.6680522913540122,0.7412037958423388
Microwave,0.8502906674292959,0.8279593537963315,1.213796804891401,8.04765154864597,0.8113275373373047,0.6680522913540122,0.0,0.4719648638822511
Induction Cooker,1.0770644666512976,0.8465712690888444,0.7250093308653284,1.5525308272698328,0.9947263670424957,0.7412037958423388,0.4719648638822511,0.0
