,Slipper,Mirror,Box,Marker Pen,Cup,Spray,Wallet,Toothbrush
Slipper,0.0,1.0158024184826282,0.8917028278828844,0.8309303732896904,1.2839663338926253,1.1242949053344928,0.6291086166595404,0.6615257702562629
Mirror,1.0158024184826282,0.0,0.831424406428899,0.3608045229970986,0.7715797424067546,1.2018446203454447,0.7028550698157319,0.7127366280339033
Box,0.8917028278828844,0.831424406428899,0.0,0.432889300768367,0.7979012201397805,0.8518701955100133,1.031910569067984,0.6076110847598832
Marker Pen,0.8309303732896904,0.3608045229970986,0.432889300768367,0.0,1.0493386159574867,0.9119831948758582,0.49177981760561573,0.5351075454225719
Cup,1.2839663338926253,0.7715797424067546,0.7979012201397805,1.0493386159574867,0.0,0.4938785046707346,0.9910793332976164,0.5393253406044349
Spray,1.1242949053344928,1.2018446203454447,0.8518701955100133,0.9119831948758582,0.4938785046707346,0.0,0.7019879503813651,0.4477338966022582
Wallet,0.6291086166595404,0.7028550698157319,1.031910569067984,0.49177981760561573,0.9910793332976164,0.7019879503813651,0.0,0.8652000013692791
Toothbrush,0.6615257702562629,0.7127366280339033,0.6076110847598832,0.5351075454225719,0.5393253406044349,0.4477338966022582,0.8652000013692791,0.0
