,Air Conditioner,Cable,RAM,FLASH Memory,Hard Disk,Battery,Camera,Microwave
Air Conditioner,0.0,0.40817344305991526,0.43591990578473305,1.2718057564301217,1.0005229588369646,0.6743064314612027,0.6925285791724058,0.5156570009844407
Cable,0.40817344305991526,0.0,0.6598077526051197,1.2419889100263308,0.7743495590504891,0.9281344247314718,3.097341939619429,0.4805649661957256
RAM,0.43591990578473305,0.6598077526051197,0.0,0.36775658097134245,0.4510906477006453,0.5441781166783842,0.6043316224995577,0.8662584508566094
FLASH Memory,1.2718057564301217,1.2419889100263308,0.36775658097134245,0.0,0.4038865900518493,0.7147739320564771,0.5516283053864806,0.8207218351343113
Hard Disk,1.0005229588369646,0.7743495590504891,0.4510906477006453,0.4038865900518493,0.0,0.6082340550947021,0.3380306565940557,0.8582538706975429
Battery,0.6743064314612027,0.9281344247314718,0.5441781166783842,0.7147739320564771,0.6082340550947021,0.0,0.33049573584339376,0.5047650648201734
Camera,0.6925285791724058,3.097341939619429,0.6043316224995577,0.5516283053864806,0.3380306565940557,0.33049573584339376,0.0,1.0915044002692682
Microwave,0.5156570009844407,0.4805649661957256,0.8662584508566094,0.8207218351343113,0.8582538706975429,0.5047650648201734,1.0915044002692682,0.0
