,Switch,Cable,Motor,Microphone,Monitor,Television,Microwave,Induction Cooker
Switch,0.0,0.615531388509096,0.5611534534931568,0.47312738446327807,0.3987275028992893,0.38963653200777837,0.5686663761677206,0.3971021636477648
Cable,0.615531388509096,0.0,0.3452933513460228,0.5925303290385024,0.5872849402380163,0.43791907555779375,0.47820855689338815,0.4230275864469488
Motor,0.5611534534931568,0.3452933513460228,0.0,1.1440070335963763,0.8308584627477859,1.3117659531235761,0.6607593403481029,0.8597347293803455
Microphone,0.47312738446327807,0.5925303290385024,1.1440070335963763,0.0,0.46023643885050003,0.8117516830901028,0.860406623677268,0.5767098533635093
Monitor,0.3987275028992893,0.5872849402380163,0.8308584627477859,0.46023643885050003,0.0,0.35868327467393213,0.921128990355454,0.547741424360356
Television,0.38963653200777837,0.43791907555779375,1.3117659531235761,0.8117516830901028,0.35868327467393213,0.0,1.0273159475585114,0.622751758105326
Microwave,0.5686663761677206,0.47820855689338815,0.6607593403481029,0.860406623677268,0.921128990355454,1.0273159475585114,0.0,0.47608921841062657
Induction Cooker,0.3971021636477648,0.4230275864469488,0.8597347293803455,0.5767098533635093,0.547741424360356,0.622751758105326,0.47608921841062657,0.0
