,Switch,Remote,Mouse,Motor,Monitor,Vending Machine,Calculator,Rice Cooker
Switch,0.0,0.4523084727457046,0.646723961597869,0.5640543896326293,0.4022195784542335,0.6976718249522559,0.8123351396588979,0.7276374705147711
Remote,0.4523084727457046,0.0,0.7872847051912294,0.6097065333586512,0.5591706270010118,0.8353123752297706,0.6800025430787311,0.9253563255373787
Mouse,0.646723961597869,0.7872847051912294,0.0,0.8097289910840308,0.8844340817788008,1.149484634269322,0.2873969886464156,0.6416563686409714
Motor,0.5640543896326293,0.6097065333586512,0.8097289910840308,0.0,0.8406873346529127,1.3967402589020208,1.1316005280402677,0.7559338561345931
Monitor,0.4022195784542335,0.5591706270010118,0.8844340817788008,0.8406873346529127,0.0,1.0837017261057191,0.5382763996798878,1.1261892873048889
Vending Machine,0.6976718249522559,0.8353123752297706,1.149484634269322,1.3967402589020208,1.0837017261057191,0.0,1.091874289291442,0.6065338953292482
Calculator,0.8123351396588979,0.6800025430787311,0.2873969886464156,1.1316005280402677,0.5382763996798878,1.091874289291442,0.0,1.3473107176819374
Rice Cooker,0.7276374705147711,0.9253563255373787,0.6416563686409714,0.7559338561345931,1.1261892873048889,0.6065338953292482,1.3473107176819374,0.0
