,Switch,Smoke detector,LED,Motor,Battery,Calculator,Microwave,Induction Cooker
Switch,0.0,0.6369605795201368,0.7652000769128035,0.5634897847650872,0.6309225013668243,0.8113879398388298,0.5715306560957341,0.40304722549916505
Smoke detector,0.6369605795201368,0.0,0.8048425887670327,0.6926393779720711,1.0666904636846888,0.18619686317047318,0.8312072151495524,0.8265583525707624
LED,0.7652000769128035,0.8048425887670327,0.0,0.5911222337662834,0.6592933907918883,0.500905049438612,0.478813440320239,0.7799968800745144
Motor,0.5634897847650872,0.6926393779720711,0.5911222337662834,0.0,0.7386152730551481,1.1340187140111262,0.6666108273684226,0.859247791368023
Battery,0.6309225013668243,1.0666904636846888,0.6592933907918883,0.7386152730551481,0.0,0.3592827344125572,0.5070421255429541,0.6976726566423775
Calculator,0.8113879398388298,0.18619686317047318,0.500905049438612,1.1340187140111262,0.3592827344125572,0.0,0.6293141756528596,0.8060702372227428
Microwave,0.5715306560957341,0.8312072151495524,0.478813440320239,0.6666108273684226,0.5070421255429541,0.6293141756528596,0.0,0.4791278776290562
Induction Cooker,0.40304722549916505,0.8265583525707624,0.7799968800745144,0.859247791368023,0.6976726566423775,0.8060702372227428,0.4791278776290562,0.0
