,Tape,Tissue,Toothbrush,Calender,Remote,Mouse,Hard Disk,Television
Tape,0.0,0.43139458484292903,0.7544721072741215,0.37024088620510454,1.0362846954517932,1.1195927328070867,0.7668246298380165,1.2736248348300199
Tissue,0.43139458484292903,0.0,0.3556871224744415,0.9041759403655774,1.3252742638301593,1.0012901694268808,1.1969982460522863,1.187706864863551
Toothbrush,0.7544721072741215,0.3556871224744415,0.0,0.7508187111157225,1.1868116021542066,0.8568761339080103,1.0560611942270726,1.453956988796703
Calender,0.37024088620510454,0.9041759403655774,0.7508187111157225,0.0,1.796876347921217,1.1677983149720648,1.0092602329839901,1.0999437483070995
Remote,1.0362846954517932,1.3252742638301593,1.1868116021542066,1.796876347921217,0.0,0.7836722219627459,0.6712884112944718,0.348646961536425
Mouse,1.1195927328070867,1.0012901694268808,0.8568761339080103,1.1677983149720648,0.7836722219627459,0.0,0.6251552300907597,0.8848531971932373
Hard Disk,0.7668246298380165,1.1969982460522863,1.0560611942270726,1.0092602329839901,0.6712884112944718,0.6251552300907597,0.0,0.7477826507050146
Television,1.2736248348300199,1.187706864863551,1.453956988796703,1.0999437483070995,0.348646961536425,0.8848531971932373,0.7477826507050146,0.0
