,Remote,Fridge,Earphone,Projector,Battery,Microphone,Heater,Induction Cooker
Remote,0.0,0.7255882395184016,0.7438323803912286,0.4508910014184907,3.861727072385807,1.1771532815609655,0.7347347579192025,0.8024761561766965
Fridge,0.7255882395184016,0.0,1.0796232897594495,0.5476647070907953,0.6609650570060228,0.8280159604372869,0.8173689327258479,0.6561478688691866
Earphone,0.7438323803912286,1.0796232897594495,0.0,0.6625870512994761,0.7920665274304022,0.39996289252395295,0.85867859544462,1.5692235683031743
Projector,0.4508910014184907,0.5476647070907953,0.6625870512994761,0.0,0.8599177674621488,0.669161234686811,2.650481547913542,0.6122362727585191
Battery,3.861727072385807,0.6609650570060228,0.7920665274304022,0.8599177674621488,0.0,0.53325339784806,0.5705497881689394,0.6924800380398015
Microphone,1.1771532815609655,0.8280159604372869,0.39996289252395295,0.669161234686811,0.53325339784806,0.0,0.9474294898487455,0.5774099038527505
Heater,0.7347347579192025,0.8173689327258479,0.85867859544462,2.650481547913542,0.5705497881689394,0.9474294898487455,0.0,1.8943102756633718
Induction Cooker,0.8024761561766965,0.6561478688691866,1.5692235683031743,0.6122362727585191,0.6924800380398015,0.5774099038527505,1.8943102756633718,0.0
