,Shoes,Bottle,Tape,Trash Bin,Spray,Toothbrush,Briefcase,Calender
Shoes,0.0,0.8006207755954458,0.7018245773909892,0.6589912861445544,1.1045407165009369,0.7951836033777266,0.9855180084114666,1.0251523330798915
Bottle,0.8006207755954458,0.0,0.9403759702193834,0.6232482169869861,0.6478659049611909,0.7468125617295683,0.6084432741963937,1.2771676852516636
Tape,0.7018245773909892,0.9403759702193834,0.0,0.6532224711857917,0.9193676954305939,0.7551074865690198,0.7455867101555823,0.3734331672739435
Trash Bin,0.6589912861445544,0.6232482169869861,0.6532224711857917,0.0,0.8489542905848867,0.9638469178734619,0.8569708427307733,1.3200659643417907
Spray,1.1045407165009369,0.6478659049611909,0.9193676954305939,0.8489542905848867,0.0,0.4477571682883475,0.46251542652949157,0.9056907277764648
Toothbrush,0.7951836033777266,0.7468125617295683,0.7551074865690198,0.9638469178734619,0.4477571682883475,0.0,0.4795030227577356,0.7595068589922311
Briefcase,0.9855180084114666,0.6084432741963937,0.7455867101555823,0.8569708427307733,0.46251542652949157,0.4795030227577356,0.0,0.8636770390868679
Calender,1.0251523330798915,1.2771676852516636,0.3734331672739435,1.3200659643417907,0.9056907277764648,0.7595068589922311,0.8636770390868679,0.0
