,Slipper,Mirror,Marker Pen,Cup,Smoke detector,LED,Battery,Calculator
Slipper,0.0,1.0160901915431715,0.8314628014124305,1.283784816717216,1.0477071988943887,1.385232025289577,1.1705264577476007,1.378609701780926
Mirror,1.0160901915431715,0.0,0.3602788786684872,0.7684952300520568,1.18895239198321,0.7134032337437886,1.8547609693956946,0.8974710250165809
Marker Pen,0.8314628014124305,0.3602788786684872,0.0,1.04412979198553,1.0659395339005064,0.9946244059019826,0.9440326394602117,1.3319587034835332
Cup,1.283784816717216,0.7684952300520568,1.04412979198553,0.0,1.2893527870983896,1.144949406483359,1.5180807183909777,0.5813575347049045
Smoke detector,1.0477071988943887,1.18895239198321,1.0659395339005064,1.2893527870983896,0.0,0.8055886406285132,1.0630029982819778,0.18591048376670066
LED,1.385232025289577,0.7134032337437886,0.9946244059019826,1.144949406483359,0.8055886406285132,0.0,0.662203051112103,0.49940817743241067
Battery,1.1705264577476007,1.8547609693956946,0.9440326394602117,1.5180807183909777,1.0630029982819778,0.662203051112103,0.0,0.3574276117280714
Calculator,1.378609701780926,0.8974710250165809,1.3319587034835332,0.5813575347049045,0.18591048376670066,0.49940817743241067,0.3574276117280714,0.0
