,Bed,Bottle,Towel,Marker Pen,Floor Sweeper,Cup,Teapot,Spray
Bed,0.0,1.1409882436580492,0.907298063274585,1.1376272737564572,1.576489802838942,1.108570094584711,0.18262217822063054,0.6687708334275341
Bottle,1.1409882436580492,0.0,0.7818854598392673,0.5600099514394666,0.8269156134556179,0.35358297790877946,0.3615039177568111,0.6476363745977686
Towel,0.907298063274585,0.7818854598392673,0.0,0.7229807739725305,0.5174664043169805,0.7528246772040099,0.7633325078478577,0.5713093048055968
Marker Pen,1.1376272737564572,0.5600099514394666,0.7229807739725305,0.0,1.0002661105354056,1.0467798788314657,0.8819699987816593,0.9122041750902097
Floor Sweeper,1.576489802838942,0.8269156134556179,0.5174664043169805,1.0002661105354056,0.0,0.7108861215233641,0.7482143816567025,0.6345168263844537
Cup,1.108570094584711,0.35358297790877946,0.7528246772040099,1.0467798788314657,0.7108861215233641,0.0,0.36323407076749065,0.49378428437285743
Teapot,0.18262217822063054,0.3615039177568111,0.7633325078478577,0.8819699987816593,0.7482143816567025,0.36323407076749065,0.0,1.0090554806977405
Spray,0.6687708334275341,0.6476363745977686,0.5713093048055968,0.9122041750902097,0.6345168263844537,0.49378428437285743,1.0090554806977405,0.0
