,Towel,Water Bottle,Spray,Chopsticks,Remote,Keyboard,Motor,Rice Cooker
Towel,0.0,0.6946184902723364,0.5669327108909467,0.4849898438047469,1.3141884765121234,1.2091525831683836,1.3539913371810806,0.8758816137103281
Water Bottle,0.6946184902723364,0.0,0.47391692580904593,0.5671679845748488,1.0572169116552845,0.9943938632686904,1.2109620557515377,1.2171154472474197
Spray,0.5669327108909467,0.47391692580904593,0.0,0.6402287746595328,1.3172777456077982,1.0135985496618722,2.955287654517258,1.4108493219423957
Chopsticks,0.4849898438047469,0.5671679845748488,0.6402287746595328,0.0,1.144820193188007,0.9596623110478509,1.323394786344151,1.1438032033337986
Remote,1.3141884765121234,1.0572169116552845,1.3172777456077982,1.144820193188007,0.0,0.41161701635809245,0.6118640567937996,0.9122731480796299
Keyboard,1.2091525831683836,0.9943938632686904,1.0135985496618722,0.9596623110478509,0.41161701635809245,0.0,0.8142033993947575,1.075432377804679
Motor,1.3539913371810806,1.2109620557515377,2.955287654517258,1.323394786344151,0.6118640567937996,0.8142033993947575,0.0,0.7606471634852173
Rice Cooker,0.8758816137103281,1.2171154472474197,1.4108493219423957,1.1438032033337986,0.9122731480796299,1.075432377804679,0.7606471634852173,0.0
