,Slipper,Bed,Bottle,Towel,Box,Floor Sweeper,Cup,Umbrella
Slipper,0.0,0.5201015969649864,1.1247373464910824,0.7389235777260067,0.8785939443901929,0.5653180421028188,1.2835232039466804,0.9724318686831401
Bed,0.5201015969649864,0.0,1.1422355321966873,0.90286104380531,0.9093894946739692,1.5754444946192645,1.1087826729607135,0.696283786868085
Bottle,1.1247373464910824,1.1422355321966873,0.0,0.7858102001265942,0.42909143379357056,0.8316029290288139,0.3583411143999514,0.977317470873942
Towel,0.7389235777260067,0.90286104380531,0.7858102001265942,0.0,0.6406850900349178,0.5190586102826905,0.7528202573400095,1.715950440281303
Box,0.8785939443901929,0.9093894946739692,0.42909143379357056,0.6406850900349178,0.0,0.9161878204191056,0.7991375120484704,0.6517811679862593
Floor Sweeper,0.5653180421028188,1.5754444946192645,0.8316029290288139,0.5190586102826905,0.9161878204191056,0.0,0.7102186717110052,0.31977263114640414
Cup,1.2835232039466804,1.1087826729607135,0.3583411143999514,0.7528202573400095,0.7991375120484704,0.7102186717110052,0.0,1.5127636269028273
Umbrella,0.9724318686831401,0.696283786868085,0.977317470873942,1.715950440281303,0.6517811679862593,0.31977263114640414,1.5127636269028273,0.0
