,Bag,Slipper,Brush,Sketch Pen,Tape,Marker Pen,Cup,Toothbrush
Bag,0.0,0.7389490792236416,0.4817324180154322,0.7079123281109454,0.6723045217077795,0.3604251053325461,0.8022987694703746,0.5005068952975809
Slipper,0.7389490792236416,0.0,0.5510771898255019,1.0687949270401096,1.2866234584299403,0.8313178166789368,1.283791359154383,0.6603314107419217
Brush,0.4817324180154322,0.5510771898255019,0.0,0.7950053409148454,0.7105180243655999,0.6434958072829101,0.7451740394577415,0.34972253660172736
Sketch Pen,0.7079123281109454,1.0687949270401096,0.7950053409148454,0.0,0.5850663296899373,0.3074459084253406,0.8680238249494481,0.680707382818135
Tape,0.6723045217077795,1.2866234584299403,0.7105180243655999,0.5850663296899373,0.0,0.7122322854150359,0.8140464675160333,0.754996820219974
Marker Pen,0.3604251053325461,0.8313178166789368,0.6434958072829101,0.3074459084253406,0.7122322854150359,0.0,1.0455843645426641,0.5311976791598304
Cup,0.8022987694703746,1.283791359154383,0.7451740394577415,0.8680238249494481,0.8140464675160333,1.0455843645426641,0.0,0.5390599418194857
Toothbrush,0.5005068952975809,0.6603314107419217,0.34972253660172736,0.680707382818135,0.754996820219974,0.5311976791598304,0.5390599418194857,0.0
