,Bed,Floor Sweeper,Cup,Umbrella,Remote,Battery,Printer,Induction Cooker
Bed,0.0,1.5779076369713563,1.1082061668322358,0.7020045199069112,1.5853639921024636,1.1045558423696862,1.6152083614019752,1.3218716926816774
Floor Sweeper,1.5779076369713563,0.0,0.7117446324539141,0.32225075050027474,1.3600200043517112,1.2256750790962083,1.4317518420856021,1.3592266240990778
Cup,1.1082061668322358,0.7117446324539141,0.0,1.499231815484533,1.1680917419786152,1.4952703603542201,1.5129759417410782,1.0165625239915155
Umbrella,0.7020045199069112,0.32225075050027474,1.499231815484533,0.0,1.2542882330917209,1.365760682207901,1.2046242075810965,1.1790964212591961
Remote,1.5853639921024636,1.3600200043517112,1.1680917419786152,1.2542882330917209,0.0,3.8502913577902507,0.8843172963516908,0.7980359650830117
Battery,1.1045558423696862,1.2256750790962083,1.4952703603542201,1.365760682207901,3.8502913577902507,0.0,0.6058105050322179,0.7097209121699927
Printer,1.6152083614019752,1.4317518420856021,1.5129759417410782,1.2046242075810965,0.8843172963516908,0.6058105050322179,0.0,0.7483467351145837
Induction Cooker,1.3218716926816774,1.3592266240990778,1.0165625239915155,1.1790964212591961,0.7980359650830117,0.7097209121699927,0.7483467351145837,0.0
