,Laptop,Switch,Projector,FLASH Memory,Vending Machine,Calculator,Desktop,Television
Laptop,0.0,0.4940491241749551,0.9170276007577463,0.39473153789857973,0.9695616593494308,0.4541016557939393,0.38495041464582075,0.6222081479823836
Switch,0.4940491241749551,0.0,0.460277424426141,0.8437571835818559,0.6857063898029304,0.8033241746804092,0.7191589083873078,0.3837455207703216
Projector,0.9170276007577463,0.460277424426141,0.0,0.6785601673266339,0.1868574204417858,0.5616344652219237,0.6815912373503707,0.3871925257267861
FLASH Memory,0.39473153789857973,0.8437571835818559,0.6785601673266339,0.0,0.9916132305254826,0.6207816404124731,0.3600736428915926,0.6231102070601418
Vending Machine,0.9695616593494308,0.6857063898029304,0.1868574204417858,0.9916132305254826,0.0,1.078923897077313,1.0442169712805616,1.098292210323312
Calculator,0.4541016557939393,0.8033241746804092,0.5616344652219237,0.6207816404124731,1.078923897077313,0.0,0.6567510378238038,0.791552143539538
Desktop,0.38495041464582075,0.7191589083873078,0.6815912373503707,0.3600736428915926,1.0442169712805616,0.6567510378238038,0.0,0.675779379110677
Television,0.6222081479823836,0.3837455207703216,0.3871925257267861,0.6231102070601418,1.098292210323312,0.791552143539538,0.675779379110677,0.0
