,Whiteboard,Trash Bin,Spray,Stamp,Switch,Cable,Microphone,Television
Whiteboard,0.0,1.1786539183853708,0.6733334476825076,0.9154376901126681,1.0871312591153477,1.0549414569174966,1.806965962006427,0.8353483730890355
Trash Bin,1.1786539183853708,0.0,0.8585198715231382,0.7876932770168112,1.6191834368560083,0.9941851345021171,1.1393165697669634,0.8197690583762931
Spray,0.6733334476825076,0.8585198715231382,0.0,0.7287761007091321,1.3210795421910004,0.9641769801188264,0.48998426252383687,1.1192507787871917
Stamp,0.9154376901126681,0.7876932770168112,0.7287761007091321,0.0,1.0872261195321669,1.025288878704653,0.7109947083598062,1.304756059710565
Switch,1.0871312591153477,1.6191834368560083,1.3210795421910004,1.0872261195321669,0.0,0.6123953078476093,0.47066951059932555,0.3855878674655713
Cable,1.0549414569174966,0.9941851345021171,0.9641769801188264,1.025288878704653,0.6123953078476093,0.0,0.5979498621384894,0.4355854270152893
Microphone,1.806965962006427,1.1393165697669634,0.48998426252383687,0.7109947083598062,0.47066951059932555,0.5979498621384894,0.0,0.8103680602674839
Television,0.8353483730890355,0.8197690583762931,1.1192507787871917,1.304756059710565,0.3855878674655713,0.4355854270152893,0.8103680602674839,0.0
