,Remote,Fridge,Cable,RAM,Battery,Microphone,Printer,Induction Cooker
Remote,0.0,0.7225944621781902,0.858491881020168,0.8072487899981468,3.8482952667185155,1.202139651630203,0.8878709178819045,0.7974310990685697
Fridge,0.7225944621781902,0.0,0.5287929123215405,0.6278931950255388,0.6593254971804352,0.8126403816188913,1.0488730058264806,0.6505825697435625
Cable,0.858491881020168,0.5287929123215405,0.0,0.6418630243060257,0.9305993021425769,0.5736567007042699,0.6763405052328119,0.43197611870170155
RAM,0.8072487899981468,0.6278931950255388,0.6418630243060257,0.0,0.553921809657618,0.6244011824600831,0.6398932400612527,0.8940297731894286
Battery,3.8482952667185155,0.6593254971804352,0.9305993021425769,0.553921809657618,0.0,0.5462617328248474,0.6060887896982131,0.71260112201762
Microphone,1.202139651630203,0.8126403816188913,0.5736567007042699,0.6244011824600831,0.5462617328248474,0.0,0.8469652986985884,0.5836492539897689
Printer,0.8878709178819045,1.0488730058264806,0.6763405052328119,0.6398932400612527,0.6060887896982131,0.8469652986985884,0.0,0.7490346362602777
Induction Cooker,0.7974310990685697,0.6505825697435625,0.43197611870170155,0.8940297731894286,0.71260112201762,0.5836492539897689,0.7490346362602777,0.0
