,Shoes,Slipper,Box,Whiteboard,Floor Sweeper,Stamp,Calender,Chopsticks
Shoes,0.0,0.33998927383570066,0.8435622748976028,0.8626593812573723,0.599305275082679,0.9949700800744062,1.0185886110731512,0.23265637343712325
Slipper,0.33998927383570066,0.0,0.8696543851110274,1.2783800200431235,0.5594704365416284,0.9339567926874806,0.9874056494176936,1.0183080967247866
Box,0.8435622748976028,0.8696543851110274,0.0,0.9941816975410546,0.9088887349324549,0.6782306380873576,0.8560616260619252,0.621648171515104
Whiteboard,0.8626593812573723,1.2783800200431235,0.9941816975410546,0.0,0.734547739241268,0.9182939966305896,0.429729026841318,0.9111751615965884
Floor Sweeper,0.599305275082679,0.5594704365416284,0.9088887349324549,0.734547739241268,0.0,0.9803569326415004,1.0431911504499674,0.6651325301210558
Stamp,0.9949700800744062,0.9339567926874806,0.6782306380873576,0.9182939966305896,0.9803569326415004,0.0,0.42903800918474194,0.7714410498281753
Calender,1.0185886110731512,0.9874056494176936,0.8560616260619252,0.429729026841318,1.0431911504499674,0.42903800918474194,0.0,1.2861779740249837
Chopsticks,0.23265637343712325,1.0183080967247866,0.621648171515104,0.9111751615965884,0.6651325301210558,0.7714410498281753,1.2861779740249837,0.0
