,Bed,Marker Pen,Teapot,Spray,Laptop,FLASH Memory,Vending Machine,Calculator
Bed,0.0,1.140858491392662,0.1825760963949416,0.6669684814605087,1.1449179804132767,1.2584045511468192,1.585071604112565,1.452051834421429
Marker Pen,1.140858491392662,0.0,0.8833856740719644,0.9127742083296337,1.2838137414284119,1.352406186687267,1.0049643548762626,1.33182632569414
Teapot,0.1825760963949416,0.8833856740719644,0.0,1.0102221740137145,0.9739851127744398,1.4736539003374647,1.5521758918942965,0.8395911417336267
Spray,0.6669684814605087,0.9127742083296337,1.0102221740137145,0.0,1.206580995634407,1.0993060173623415,1.1463659760112335,0.8694523022105227
Laptop,1.1449179804132767,1.2838137414284119,0.9739851127744398,1.206580995634407,0.0,0.39597408858933497,0.9742342545050888,0.45531135340741613
FLASH Memory,1.2584045511468192,1.352406186687267,1.4736539003374647,1.0993060173623415,0.39597408858933497,0.0,1.0012196581644544,0.6328955280557736
Vending Machine,1.585071604112565,1.0049643548762626,1.5521758918942965,1.1463659760112335,0.9742342545050888,1.0012196581644544,0.0,1.0858781311033532
Calculator,1.452051834421429,1.33182632569414,0.8395911417336267,0.8694523022105227,0.45531135340741613,0.6328955280557736,1.0858781311033532,0.0
