,Brush,Tape,Cup,Toothbrush,RAM,FLASH Memory,Battery,Microwave
Brush,0.0,0.7106046569285049,0.7454573997160896,0.34783566163134977,1.0105315704678446,1.237176645340921,0.8072871873016577,2.029688644765406
Tape,0.7106046569285049,0.0,0.8102188459034182,0.754596639596725,1.2099413703547528,1.1198954075373466,1.2655746949445017,1.2656551857208544
Cup,0.7454573997160896,0.8102188459034182,0.0,0.5388949449494684,1.2063330843819802,1.5350347892609595,1.521033023480467,0.6183396230709776
Toothbrush,0.34783566163134977,0.754596639596725,0.5388949449494684,0.0,1.330378293681063,1.0453001851254697,0.9775006926643252,1.5306412674369063
RAM,1.0105315704678446,1.2099413703547528,1.2063330843819802,1.330378293681063,0.0,0.3656572238214819,0.5429843080452748,0.8635066598646839
FLASH Memory,1.237176645340921,1.1198954075373466,1.5350347892609595,1.0453001851254697,0.3656572238214819,0.0,0.7164970306288433,0.8189765084983565
Battery,0.8072871873016577,1.2655746949445017,1.521033023480467,0.9775006926643252,0.5429843080452748,0.7164970306288433,0.0,0.5034409596307018
Microwave,2.029688644765406,1.2656551857208544,0.6183396230709776,1.5306412674369063,0.8635066598646839,0.8189765084983565,0.5034409596307018,0.0
