,Plate,Water Bottle,Tape,Box,Tissue,Toothbrush,Calender,Chopsticks
Plate,0.0,0.669262271316913,0.8707048422056499,0.5834590978487547,0.6050074653871738,0.7011362348793626,1.1455280254729152,0.768438272544637
Water Bottle,0.669262271316913,0.0,0.9134845182187613,0.5391460583740552,0.6686179408583555,0.5133071062683396,1.094351205391376,0.5566452300893143
Tape,0.8707048422056499,0.9134845182187613,0.0,0.645067300233314,0.41926330698701186,0.7527056864693091,0.36219348527407175,4.064179609399099
Box,0.5834590978487547,0.5391460583740552,0.645067300233314,0.0,0.6958479889473961,0.6055596347155705,0.8541143734307408,0.6214372824176928
Tissue,0.6050074653871738,0.6686179408583555,0.41926330698701186,0.6958479889473961,0.0,0.3462457556366645,0.9020477050222434,0.49388933777218613
Toothbrush,0.7011362348793626,0.5133071062683396,0.7527056864693091,0.6055596347155705,0.3462457556366645,0.0,0.7290819715007392,0.3799910354814608
Calender,1.1455280254729152,1.094351205391376,0.36219348527407175,0.8541143734307408,0.9020477050222434,0.7290819715007392,0.0,1.288852888726791
Chopsticks,0.768438272544637,0.5566452300893143,4.064179609399099,0.6214372824176928,0.49388933777218613,0.3799910354814608,1.288852888726791,0.0
