,Switch,Remote,Smoke detector,Mouse,Cable,RAM,Hard Disk,Television
Switch,0.0,0.45144039615044007,0.6363402546971683,0.6453021125987204,0.6184466066140967,0.7727593601544439,0.7567093044881245,0.3934767737110335
Remote,0.45144039615044007,0.0,0.5370913123817677,0.7861480445194519,0.8485152832837467,0.8151980040836716,0.6748995211168014,0.3507138303893322
Smoke detector,0.6363402546971683,0.5370913123817677,0.0,1.0370494105789239,0.5016834990396819,0.5515092282961135,0.887269195794055,0.7788971572529135
Mouse,0.6453021125987204,0.7861480445194519,1.0370494105789239,0.0,0.4484924765461915,0.6628206951513241,0.6328449051258302,0.881899243061573
Cable,0.6184466066140967,0.8485152832837467,0.5016834990396819,0.4484924765461915,0.0,0.6568797997057155,0.7752920599475684,0.4402464903363619
RAM,0.7727593601544439,0.8151980040836716,0.5515092282961135,0.6628206951513241,0.6568797997057155,0.0,0.4514104755077984,0.5254026954443447
Hard Disk,0.7567093044881245,0.6748995211168014,0.887269195794055,0.6328449051258302,0.7752920599475684,0.4514104755077984,0.0,0.7474943521443338
Television,0.3934767737110335,0.3507138303893322,0.7788971572529135,0.881899243061573,0.4402464903363619,0.5254026954443447,0.7474943521443338,0.0
