,Bag,Bottle,Towel,Water Bottle,Box,Whiteboard,Spray,Chopsticks
Bag,0.0,0.5360462691359439,0.5418095236577399,0.45931092942048124,0.47104151448209636,1.0587590286541346,0.5887312308159156,0.3487038644980798
Bottle,0.5360462691359439,0.0,0.7884104856016658,0.3278040429454461,0.4307109523699957,1.0971872874580142,0.6466287942009569,0.5983405392851857
Towel,0.5418095236577399,0.7884104856016658,0.0,0.6891079741420815,0.6422480345163063,1.2312098724660134,0.5622270018910721,0.484143242622425
Water Bottle,0.45931092942048124,0.3278040429454461,0.6891079741420815,0.0,0.5404428089428791,0.7854816538562569,0.4742972917375648,0.559011236318552
Box,0.47104151448209636,0.4307109523699957,0.6422480345163063,0.5404428089428791,0.0,0.9958380289039679,0.8398415218275953,0.6217730160055929
Whiteboard,1.0587590286541346,1.0971872874580142,1.2312098724660134,0.7854816538562569,0.9958380289039679,0.0,0.6708527630293852,0.9110516276806349
Spray,0.5887312308159156,0.6466287942009569,0.5622270018910721,0.4742972917375648,0.8398415218275953,0.6708527630293852,0.0,0.6387981886365476
Chopsticks,0.3487038644980798,0.5983405392851857,0.484143242622425,0.559011236318552,0.6217730160055929,0.9110516276806349,0.6387981886365476,0.0
