,Rubber,Sketch Pen,Whiteboard,Marker Pen,Cup,Trash Bin,Spray,Stamp
Rubber,0.0,0.6649003699516746,0.7670948702948127,0.47551569346456984,0.7217203690718783,0.6723572992251358,0.4390071562023029,0.9712908066670687
Sketch Pen,0.6649003699516746,0.0,0.9993299107749856,0.30582566349442963,0.8708043364570164,1.1172519565623997,2.492089515612644,0.7228045019517584
Whiteboard,0.7670948702948127,0.9993299107749856,0.0,0.2445210349273189,1.163487989997118,1.18324489373895,0.6745558475715657,0.9141456462023347
Marker Pen,0.47551569346456984,0.30582566349442963,0.2445210349273189,0.0,1.0385216030404145,0.934023527281814,0.9128384907887472,0.48847041082654086
Cup,0.7217203690718783,0.8708043364570164,1.163487989997118,1.0385216030404145,0.0,0.9930167509699521,0.4936336457822459,1.2218862215409074
Trash Bin,0.6723572992251358,1.1172519565623997,1.18324489373895,0.934023527281814,0.9930167509699521,0.0,0.854781034686025,0.7919360946090449
Spray,0.4390071562023029,2.492089515612644,0.6745558475715657,0.9128384907887472,0.4936336457822459,0.854781034686025,0.0,0.7343081131655013
Stamp,0.9712908066670687,0.7228045019517584,0.9141456462023347,0.48847041082654086,1.2218862215409074,0.7919360946090449,0.7343081131655013,0.0
