,Remote,Fridge,Keyboard,Earphone,Motor,Printer,Calculator,Rice Cooker
Remote,0.0,0.7259851307414025,0.4125989192024456,0.739968648230515,0.6111164242904924,0.8592937325941069,0.6851539509321436,0.9159399834701407
Fridge,0.7259851307414025,0.0,1.0938748807413068,1.0790379870544249,1.0204324807630027,1.015536434510169,0.9043767413503191,0.8726874738505347
Keyboard,0.4125989192024456,1.0938748807413068,0.0,0.428005351373728,0.812810171534217,0.7919778704274743,0.8389225512601766,1.0802761948601889
Earphone,0.739968648230515,1.0790379870544249,0.428005351373728,0.0,0.6135955419494457,0.7300505464826008,0.7017146514924979,1.1174338379571245
Motor,0.6111164242904924,1.0204324807630027,0.812810171534217,0.6135955419494457,0.0,0.45058102198578576,1.144977557604279,0.7593542234312212
Printer,0.8592937325941069,1.015536434510169,0.7919778704274743,0.7300505464826008,0.45058102198578576,0.0,0.6357282639916519,1.0109859150343155
Calculator,0.6851539509321436,0.9043767413503191,0.8389225512601766,0.7017146514924979,1.144977557604279,0.6357282639916519,0.0,1.3631969402311594
Rice Cooker,0.9159399834701407,0.8726874738505347,1.0802761948601889,1.1174338379571245,0.7593542234312212,1.0109859150343155,1.3631969402311594,0.0
