,Bottle,Tape,Toothbrush,Calender,Fridge,Earphone,Microphone,Induction Cooker
Bottle,0.0,0.9299593240414173,0.7459554346757691,1.280516625742906,1.2442450817640096,1.082345204730128,0.7861115663544558,0.9368694297691789
Tape,0.9299593240414173,0.0,0.7541469540162058,0.36890971116665205,1.438919901658265,0.9268654795840124,1.2174067532241755,1.43254460533154
Toothbrush,0.7459554346757691,0.7541469540162058,0.0,0.747166616961573,1.6714611109495086,1.08989970380204,1.2057275071213955,1.1855611451768158
Calender,1.280516625742906,0.36890971116665205,0.747166616961573,0.0,1.367862116062603,1.0651367069977067,1.4105740697955689,1.7995712367722014
Fridge,1.2442450817640096,1.438919901658265,1.6714611109495086,1.367862116062603,0.0,1.0784631259378894,0.8326304014441929,0.6578151274742376
Earphone,1.082345204730128,0.9268654795840124,1.08989970380204,1.0651367069977067,1.0784631259378894,0.0,0.3993272848251962,1.561174069099981
Microphone,0.7861115663544558,1.2174067532241755,1.2057275071213955,1.4105740697955689,0.8326304014441929,0.3993272848251962,0.0,0.5755686820424997
Induction Cooker,0.9368694297691789,1.43254460533154,1.1855611451768158,1.7995712367722014,0.6578151274742376,1.561174069099981,0.5755686820424997,0.0
