,Shoes,Box,Whiteboard,Stamp,Switch,Mouse,Monitor,Vending Machine
Shoes,0.0,0.8417479058911379,0.8602555279586229,0.9937522894284851,1.468381037793742,1.262128585571258,1.508454483214291,0.7391108955016062
Box,0.8417479058911379,0.0,0.9965774112878626,0.6774807924075729,1.1471889492660097,1.0196657970035654,1.1884829725204102,1.0351683267676002
Whiteboard,0.8602555279586229,0.9965774112878626,0.0,0.9178303202057291,1.0866370431902954,0.9380539676512001,1.23335195799213,1.5684367320949424
Stamp,0.9937522894284851,0.6774807924075729,0.9178303202057291,0.0,1.1076860787836615,0.9068872627022141,1.241397527673164,1.1704902308516885
Switch,1.468381037793742,1.1471889492660097,1.0866370431902954,1.1076860787836615,0.0,0.6364159082550653,0.39306623143330705,0.6816157352707767
Mouse,1.262128585571258,1.0196657970035654,0.9380539676512001,0.9068872627022141,0.6364159082550653,0.0,0.874160176116471,1.2098518029581156
Monitor,1.508454483214291,1.1884829725204102,1.23335195799213,1.241397527673164,0.39306623143330705,0.874160176116471,0.0,1.0481795387403343
Vending Machine,0.7391108955016062,1.0351683267676002,1.5684367320949424,1.1704902308516885,0.6816157352707767,1.2098518029581156,1.0481795387403343,0.0
