,Shoes,Plate,Box,Whiteboard,Marker Pen,Cup,Teapot,Tissue
Shoes,0.0,0.9038595894141737,0.841300489843794,0.8594275241574261,1.0316151948480776,1.2055304640201399,1.1453761835060088,0.933059964102469
Plate,0.9038595894141737,0.0,0.5902828253306339,0.9402448205505924,0.7527794028713573,0.46446057298075616,0.4169354736229478,0.6025145801461834
Box,0.841300489843794,0.5902828253306339,0.0,0.9972294871782742,0.42621323391796845,0.7997610954119331,1.1577326192823487,0.695267860428103
Whiteboard,0.8594275241574261,0.9402448205505924,0.9972294871782742,0.0,0.2410310516473749,1.1813588168031883,1.0910458000473702,0.7378968061453096
Marker Pen,1.0316151948480776,0.7527794028713573,0.42621323391796845,0.2410310516473749,0.0,1.01911245272212,0.8895511141862911,0.623951704586248
Cup,1.2055304640201399,0.46446057298075616,0.7997610954119331,1.1813588168031883,1.01911245272212,0.0,0.3610828700908271,0.4878875250888636
Teapot,1.1453761835060088,0.4169354736229478,1.1577326192823487,1.0910458000473702,0.8895511141862911,0.3610828700908271,0.0,0.7871889940576274
Tissue,0.933059964102469,0.6025145801461834,0.695267860428103,0.7378968061453096,0.623951704586248,0.4878875250888636,0.7871889940576274,0.0
