,Shoes,Slipper,Brush,Floor Sweeper,Laptop,Motor,Microphone,Camera
Shoes,0.0,0.3071434348923033,1.465389731082075,0.5397859042402333,1.6290311183154471,0.7489732952458704,1.4220038705996456,1.9317925195933316
Slipper,0.3071434348923033,0.0,0.509569801818651,0.5544101379491869,1.106490968898076,1.332292385637458,1.207011194880234,1.340112675258574
Brush,1.465389731082075,0.509569801818651,0.0,0.6733043111734236,0.8776247758838646,1.1625733551790844,0.7968643318454939,1.2003073032076066
Floor Sweeper,0.5397859042402333,0.5544101379491869,0.6733043111734236,0.0,1.4317516714074925,1.8338630336658335,0.8463203707853519,0.8195602730253783
Laptop,1.6290311183154471,1.106490968898076,0.8776247758838646,1.4317516714074925,0.0,0.8777752338148923,0.542502454433057,0.5841038692930108
Motor,0.7489732952458704,1.332292385637458,1.1625733551790844,1.8338630336658335,0.8777752338148923,0.0,1.147878147913235,1.0665369297447838
Microphone,1.4220038705996456,1.207011194880234,0.7968643318454939,0.8463203707853519,0.542502454433057,1.147878147913235,0.0,0.560542402275857
Camera,1.9317925195933316,1.340112675258574,1.2003073032076066,0.8195602730253783,0.5841038692930108,1.0665369297447838,0.560542402275857,0.0
