,Smartphone,Switch,Smoke detector,Projector,FLASH Memory,Camera,Printer,Calculator
Smartphone,0.0,0.5404823356185738,1.099073645583838,0.9808587592633692,0.8488794540891669,0.6881793004019303,0.943538940157006,0.48982558641593577
Switch,0.5404823356185738,0.0,0.6236851062484329,0.42688560552110827,0.9536029851113423,0.5431845510559827,0.45776582649082515,0.839303065532442
Smoke detector,1.099073645583838,0.6236851062484329,0.0,0.6509055715537001,0.3897061874502973,1.2456360772190973,0.9788512423927411,0.6447862415635803
Projector,0.9808587592633692,0.42688560552110827,0.6509055715537001,0.0,0.7182360129578718,0.6207680240211573,0.4986609292771197,0.5910533912608078
FLASH Memory,0.8488794540891669,0.9536029851113423,0.3897061874502973,0.7182360129578718,0.0,0.5461240225003051,0.3988448529617929,0.6064225747311506
Camera,0.6881793004019303,0.5431845510559827,1.2456360772190973,0.6207680240211573,0.5461240225003051,0.0,0.6950328457054553,0.5266283451239796
Printer,0.943538940157006,0.45776582649082515,0.9788512423927411,0.4986609292771197,0.3988448529617929,0.6950328457054553,0.0,0.5591786927174981
Calculator,0.48982558641593577,0.839303065532442,0.6447862415635803,0.5910533912608078,0.6064225747311506,0.5266283451239796,0.5591786927174981,0.0
