,Smartphone,Remote,Mouse,Earphone,Heat Sink,FLASH Memory,Hard Disk,Monitor
Smartphone,0.0,0.8269053123253981,0.8081764655382131,0.3113895385134136,1.0357369635847316,0.929899129123517,0.8896132043869598,0.7590917547777241
Remote,0.8269053123253981,0.0,0.8963928174755119,0.726481523012428,0.7985990673936375,1.0537760653009471,0.8669796512329039,0.5343791157363066
Mouse,0.8081764655382131,0.8963928174755119,0.0,0.8699001198115429,1.095630494709134,0.4237236475224481,0.6773748813188396,1.047684717778035
Earphone,0.3113895385134136,0.726481523012428,0.8699001198115429,0.0,1.1523677765776819,0.784274411481904,0.9257335559561332,0.7254787860001711
Heat Sink,1.0357369635847316,0.7985990673936375,1.095630494709134,1.1523677765776819,0.0,0.6500143363301684,1.1279443903136548,0.4532328391674771
FLASH Memory,0.929899129123517,1.0537760653009471,0.4237236475224481,0.784274411481904,0.6500143363301684,0.0,0.3336405513392801,0.8836740143267788
Hard Disk,0.8896132043869598,0.8669796512329039,0.6773748813188396,0.9257335559561332,1.1279443903136548,0.3336405513392801,0.0,0.8506137205369798
Monitor,0.7590917547777241,0.5343791157363066,1.047684717778035,0.7254787860001711,0.4532328391674771,0.8836740143267788,0.8506137205369798,0.0
