,Whiteboard,Cup,Tissue,Calender,Cable,Earphone,Projector,Vending Machine
Whiteboard,0.0,1.1738544602947183,0.8541107079773707,0.4061843949885494,1.0965774948798568,1.5402472257746769,1.1034856102357435,1.6042991205542467
Cup,1.1738544602947183,0.0,0.4469261162058356,1.5343742445588153,1.2726139484538357,0.8866683637534132,1.4241739743843094,0.7624172699489129
Tissue,0.8541107079773707,0.4469261162058356,0.0,0.9832985865310291,1.0557568776985855,1.281380684200438,1.3216128151043482,0.8363091875699563
Calender,0.4061843949885494,1.5343742445588153,0.9832985865310291,0.0,0.8283932806021728,1.0624110686941368,1.8372801912928916,1.267095719103479
Cable,1.0965774948798568,1.2726139484538357,1.0557568776985855,0.8283932806021728,0.0,0.47482847733344963,0.39183612191268685,1.12104458064797
Earphone,1.5402472257746769,0.8866683637534132,1.281380684200438,1.0624110686941368,0.47482847733344963,0.0,0.6812994832269105,0.922932496505974
Projector,1.1034856102357435,1.4241739743843094,1.3216128151043482,1.8372801912928916,0.39183612191268685,0.6812994832269105,0.0,1.1624330070909077
Vending Machine,1.6042991205542467,0.7624172699489129,0.8363091875699563,1.267095719103479,1.12104458064797,0.922932496505974,1.1624330070909077,0.0
