,Projector,RAM,Hard Disk,Heater,Desktop,Television,Microwave,Induction Cooker
Projector,0.0,0.8594126431703601,0.8667080717283163,0.07635636946081784,0.7791556994993377,0.24111453587489837,0.6663978919602228,0.6017882895054794
RAM,0.8594126431703601,0.0,0.39393413913344444,0.7162408371365806,0.2997980046458859,0.5275671932900226,0.8572116906014872,0.9229277105558492
Hard Disk,0.8667080717283163,0.39393413913344444,0.0,1.161226629672112,0.2189567183628254,0.7772158966494781,0.7062446448231243,0.6465990018597789
Heater,0.07635636946081784,0.7162408371365806,1.161226629672112,0.0,0.6295764818037799,0.5965357501578347,0.45650226043586695,1.6019782452017206
Desktop,0.7791556994993377,0.2997980046458859,0.2189567183628254,0.6295764818037799,0.0,0.6977095430963303,0.9099861629132718,0.6632491310278544
Television,0.24111453587489837,0.5275671932900226,0.7772158966494781,0.5965357501578347,0.6977095430963303,0.0,1.003088913829787,0.6024155411498728
Microwave,0.6663978919602228,0.8572116906014872,0.7062446448231243,0.45650226043586695,0.9099861629132718,1.003088913829787,0.0,0.4152763316304491
Induction Cooker,0.6017882895054794,0.9229277105558492,0.6465990018597789,1.6019782452017206,0.6632491310278544,0.6024155411498728,0.4152763316304491,0.0
