,Plate,Towel,Marker Pen,Trash Bin,Stamp,Wallet,Scissors,Umbrella
Plate,0.0,0.5189792905322471,0.7662107428652218,0.7648374306886,1.1238161979735588,0.939526288254552,0.5349369030527278,0.5638442013091459
Towel,0.5189792905322471,0.0,0.7325339504349122,0.3336180803210405,0.7598821958663448,0.9197140329070854,0.5415334771892205,4.896258845870871
Marker Pen,0.7662107428652218,0.7325339504349122,0.0,0.9121963388161799,0.4593820057794856,0.4703862215344668,0.45966990081148035,0.9956051632050633
Trash Bin,0.7648374306886,0.3336180803210405,0.9121963388161799,0.0,0.7524010715721086,0.7576874167440214,0.5807514823108374,0.4349390151489094
Stamp,1.1238161979735588,0.7598821958663448,0.4593820057794856,0.7524010715721086,0.0,0.2381019232620728,0.4510494854320404,1.0450798870779805
Wallet,0.939526288254552,0.9197140329070854,0.4703862215344668,0.7576874167440214,0.2381019232620728,0.0,0.43750484996076494,0.6661059910383027
Scissors,0.5349369030527278,0.5415334771892205,0.45966990081148035,0.5807514823108374,0.4510494854320404,0.43750484996076494,0.0,0.8594071365020811
Umbrella,0.5638442013091459,4.896258845870871,0.9956051632050633,0.4349390151489094,1.0450798870779805,0.6661059910383027,0.8594071365020811,0.0
