,Slipper,Bottle,Brush,Key Chain,Teapot,Stamp,Toothbrush,Glasses
Slipper,0.0,1.1666429366691164,0.4933625885916161,1.2112440917989877,0.9230114407583564,0.9359995259426759,0.6323334899355278,0.9419019001297014
Bottle,1.1666429366691164,0.0,0.8186636287755739,0.6608944030030205,0.2943987076295229,0.7574542828160475,0.7219206881450566,0.4605791949649584
Brush,0.4933625885916161,0.8186636287755739,0.0,0.6333617737146587,1.9668031988066825,0.6293292548727686,0.36399032731802194,0.8852406672963526
Key Chain,1.2112440917989877,0.6608944030030205,0.6333617737146587,0.0,0.6319094499269496,0.8163613879072101,0.7732358369675463,0.3765342519972525
Teapot,0.9230114407583564,0.2943987076295229,1.9668031988066825,0.6319094499269496,0.0,1.067583623639973,0.6606681325451408,0.8552074815890017
Stamp,0.9359995259426759,0.7574542828160475,0.6293292548727686,0.8163613879072101,1.067583623639973,0.0,1.0283210855418985,0.720762051154863
Toothbrush,0.6323334899355278,0.7219206881450566,0.36399032731802194,0.7732358369675463,0.6606681325451408,1.0283210855418985,0.0,1.0261722507480884
Glasses,0.9419019001297014,0.4605791949649584,0.8852406672963526,0.3765342519972525,0.8552074815890017,0.720762051154863,1.0261722507480884,0.0
