,Plate,Spray,Stamp,Umbrella,Smoke detector,Cable,RAM,Microphone
Plate,0.0,0.6076331047561432,1.1376178485016355,0.5678755762912111,1.638126419477798,1.8889714264477995,1.2271498689947362,5.391764124830982
Spray,0.6076331047561432,0.0,0.7503670056262166,0.7882076432342364,1.2279305253141235,1.4120051091550805,1.191565364668405,1.562965067494711
Stamp,1.1376178485016355,0.7503670056262166,0.0,1.0467139471655718,1.538240188935471,1.0533980172433668,1.325266206619476,0.756566565725179
Umbrella,0.5678755762912111,0.7882076432342364,1.0467139471655718,0.0,1.4853185882190896,0.7664469145386057,1.0161467066126295,0.990911979045506
Smoke detector,1.638126419477798,1.2279305253141235,1.538240188935471,1.4853185882190896,0.0,0.4776486495987325,0.609002082145785,0.6806863661619176
Cable,1.8889714264477995,1.4120051091550805,1.0533980172433668,0.7664469145386057,0.4776486495987325,0.0,0.6367841199037919,0.5868874890177977
RAM,1.2271498689947362,1.191565364668405,1.325266206619476,1.0161467066126295,0.609002082145785,0.6367841199037919,0.0,0.6025272215377641
Microphone,5.391764124830982,1.562965067494711,0.756566565725179,0.990911979045506,0.6806863661619176,0.5868874890177977,0.6025272215377641,0.0
