,Floor Sweeper,Cup,Glasses,Umbrella,Air Conditioner,Heat Sink,Heater,Induction Cooker
Floor Sweeper,0.0,0.717722816443354,0.7231959047438863,0.20429625294511708,1.2524687213922272,1.2041605329032887,1.3719472375239268,1.3144147180413237
Cup,0.717722816443354,0.0,0.5502224580371299,1.545913416126913,1.2884397314757514,0.8965456379425691,0.8575493082489121,1.0018434657199546
Glasses,0.7231959047438863,0.5502224580371299,0.0,0.97053661056522,1.369725101723474,1.155676336406433,1.7835832940733598,1.045721855217939
Umbrella,0.20429625294511708,1.545913416126913,0.97053661056522,0.0,1.3069348401636132,1.0406226548328648,1.1792273243235554,1.2385801142525112
Air Conditioner,1.2524687213922272,1.2884397314757514,1.369725101723474,1.3069348401636132,0.0,0.5641753346780647,0.6972182857425503,0.700391455831972
Heat Sink,1.2041605329032887,0.8965456379425691,1.155676336406433,1.0406226548328648,0.5641753346780647,0.0,0.29353243474360347,0.504286046908283
Heater,1.3719472375239268,0.8575493082489121,1.7835832940733598,1.1792273243235554,0.6972182857425503,0.29353243474360347,0.0,1.6342462217960323
Induction Cooker,1.3144147180413237,1.0018434657199546,1.045721855217939,1.2385801142525112,0.700391455831972,0.504286046908283,1.6342462217960323,0.0
