,Cable,Earphone,LED,Projector,Hard Disk,Camera,Vending Machine,Microwave
Cable,0.0,0.5038673955283571,0.5519997398081333,0.40695082190613,0.7835780825958497,1.0207845517937022,0.987193562515658,0.5226376774940398
Earphone,0.5038673955283571,0.0,0.5769002512430295,0.6340006968153463,0.978332351033198,0.6120416911805412,0.9078185488481155,1.4951016561359158
LED,0.5519997398081333,0.5769002512430295,0.0,0.3555855860738014,0.8195896565858736,0.967590471176264,0.21796663017224813,0.594666007209016
Projector,0.40695082190613,0.6340006968153463,0.3555855860738014,0.0,0.8684217056594669,0.6158751275666738,1.1677208110361956,0.6689780275405163
Hard Disk,0.7835780825958497,0.978332351033198,0.8195896565858736,0.8684217056594669,0.0,1.1413987639743899,0.7090743145728324,0.6893679396655378
Camera,1.0207845517937022,0.6120416911805412,0.967590471176264,0.6158751275666738,1.1413987639743899,0.0,0.7982828741860993,1.2165963481592403
Vending Machine,0.987193562515658,0.9078185488481155,0.21796663017224813,1.1677208110361956,0.7090743145728324,0.7982828741860993,0.0,0.581693544471002
Microwave,0.5226376774940398,1.4951016561359158,0.594666007209016,0.6689780275405163,0.6893679396655378,1.2165963481592403,0.581693544471002,0.0
