,Bag,Rubber,Towel,Sketch Pen,Floor Sweeper,Cup,Glasses,Umbrella
Bag,0.0,0.6870658475867623,0.5293254649705273,0.7179836911462975,0.6298403801712728,0.783039013411886,0.3601952245302366,0.7356720566670222
Rubber,0.6870658475867623,0.0,0.6053474021195693,0.6305435476300606,0.8118995343868045,0.7759586397554765,0.6743227495275451,0.9076895322397561
Towel,0.5293254649705273,0.6053474021195693,0.0,1.0228805385154078,0.4933594714910683,0.7166457929871728,0.7376857663423684,4.8946154801394455
Sketch Pen,0.7179836911462975,0.6305435476300606,1.0228805385154078,0.0,1.0705105282259353,0.9240808511404266,0.4164482755752518,1.0114742851981697
Floor Sweeper,0.6298403801712728,0.8118995343868045,0.4933594714910683,1.0705105282259353,0.0,0.7242590934516326,0.7091289853229589,0.1939878149604553
Cup,0.783039013411886,0.7759586397554765,0.7166457929871728,0.9240808511404266,0.7242590934516326,0.0,0.5202349160741156,1.5237176300062207
Glasses,0.3601952245302366,0.6743227495275451,0.7376857663423684,0.4164482755752518,0.7091289853229589,0.5202349160741156,0.0,0.9399067181424758
Umbrella,0.7356720566670222,0.9076895322397561,4.8946154801394455,1.0114742851981697,0.1939878149604553,1.5237176300062207,0.9399067181424758,0.0
