,Laptop,Smartphone,Air Conditioner,Fridge,Earphone,LED,RAM,Battery
Laptop,0.0,0.39443268291350697,0.7295434100346557,0.7804390691965502,0.478475052880245,0.6190069643933457,0.38101904522236163,0.6868530513617884
Smartphone,0.39443268291350697,0.0,0.7763735966727328,0.8461800202549875,0.3468729708810571,0.6440940833180896,0.3515461335906341,0.3482959398282609
Air Conditioner,0.7295434100346557,0.7763735966727328,0.0,0.34207739625876415,1.2967471881619188,0.4728970699219623,1.8489506127268458,0.6437564270405144
Fridge,0.7804390691965502,0.8461800202549875,0.34207739625876415,0.0,1.0754367366655229,0.45480837190953166,0.698189494196639,0.716166558160093
Earphone,0.478475052880245,0.3468729708810571,1.2967471881619188,1.0754367366655229,0.0,0.5578707695430598,0.7543569028231459,0.8033910684127574
LED,0.6190069643933457,0.6440940833180896,0.4728970699219623,0.45480837190953166,0.5578707695430598,0.0,0.5682879610132406,0.6592004993505688
RAM,0.38101904522236163,0.3515461335906341,1.8489506127268458,0.698189494196639,0.7543569028231459,0.5682879610132406,0.0,0.5675941997209183
Battery,0.6868530513617884,0.3482959398282609,0.6437564270405144,0.716166558160093,0.8033910684127574,0.6592004993505688,0.5675941997209183,0.0
