,Shoes,Towel,Key Chain,Tape,Cup,Toothbrush,Briefcase,Calender
Shoes,0.0,0.8286730310178428,0.30204080774512954,0.7598731827106361,1.1678372950967029,0.9108944614695672,0.9220230069187224,1.095395553712606
Towel,0.8286730310178428,0.0,0.8177874384722488,1.3128569636444678,0.7017860930019094,0.4165371487174839,0.713021189548089,0.8515720182754686
Key Chain,0.30204080774512954,0.8177874384722488,0.0,0.5481246492047831,0.9159279728078719,0.7749307278825806,0.2766500322183004,0.7884179105190832
Tape,0.7598731827106361,1.3128569636444678,0.5481246492047831,0.0,0.788235456380198,0.6711065818060058,0.7976750634057395,0.24797583882909846
Cup,1.1678372950967029,0.7017860930019094,0.9159279728078719,0.788235456380198,0.0,0.47411116819869803,0.8420200832742534,1.4365611622586005
Toothbrush,0.9108944614695672,0.4165371487174839,0.7749307278825806,0.6711065818060058,0.47411116819869803,0.0,0.5204427760015179,0.7413775729605686
Briefcase,0.9220230069187224,0.713021189548089,0.2766500322183004,0.7976750634057395,0.8420200832742534,0.5204427760015179,0.0,0.837024362095175
Calender,1.095395553712606,0.8515720182754686,0.7884179105190832,0.24797583882909846,1.4365611622586005,0.7413775729605686,0.837024362095175,0.0
