,Brush,Key Chain,Teapot,Toothbrush,Smartphone,Switch,Smoke detector,Projector
Brush,0.0,0.6546581428522911,1.9767263968840503,0.37136833609018316,0.8931517997914855,0.8970700208053455,1.3103942483717756,1.1039886241953996
Key Chain,0.6546581428522911,0.0,0.6175454094991656,0.768825057377979,1.866923514797045,1.0032009941185709,1.5923511422924836,1.3120250915734195
Teapot,1.9767263968840503,0.6175454094991656,0.0,0.6810032266037339,1.2173401784030249,0.676237251274689,0.832860313038002,1.1709541314749228
Toothbrush,0.37136833609018316,0.768825057377979,0.6810032266037339,0.0,1.0955599026389504,1.1781919182152685,1.658894535000684,1.296796269609505
Smartphone,0.8931517997914855,1.866923514797045,1.2173401784030249,1.0955599026389504,0.0,0.545488563487512,1.134506348666775,1.0232669684391036
Switch,0.8970700208053455,1.0032009941185709,0.676237251274689,1.1781919182152685,0.545488563487512,0.0,0.6220698121908166,0.3862435037845921
Smoke detector,1.3103942483717756,1.5923511422924836,0.832860313038002,1.658894535000684,1.134506348666775,0.6220698121908166,0.0,0.6294720564904849
Projector,1.1039886241953996,1.3120250915734195,1.1709541314749228,1.296796269609505,1.0232669684391036,0.3862435037845921,0.6294720564904849,0.0
