,Air Conditioner,Smoke detector,Projector,Heat Sink,RAM,Hard Disk,Heater,Induction Cooker
Air Conditioner,0.0,0.5755186652414022,0.9271511703986525,0.6673355157045455,1.8448910076472185,1.0964756669954288,0.831686801294073,0.6989247663195194
Smoke detector,0.5755186652414022,0.0,0.6619638051764574,0.5595915327352574,0.6322128745537126,0.9027585325993579,0.5444629103747125,0.7952221614760863
Projector,0.9271511703986525,0.6619638051764574,0.0,1.3104166648660285,0.8669641485672671,0.8681713432389125,0.07630111975585774,0.616068798082517
Heat Sink,0.6673355157045455,0.5595915327352574,1.3104166648660285,0.0,0.6906050214182542,1.1887946523167228,0.35781521996946186,0.4672637262554848
RAM,1.8448910076472185,0.6322128745537126,0.8669641485672671,0.6906050214182542,0.0,0.3779697321665701,0.7125160722340892,0.9952461823980091
Hard Disk,1.0964756669954288,0.9027585325993579,0.8681713432389125,1.1887946523167228,0.3779697321665701,0.0,1.1181343011585712,0.6703536243764194
Heater,0.831686801294073,0.5444629103747125,0.07630111975585774,0.35781521996946186,0.7125160722340892,1.1181343011585712,0.0,1.5801429210681968
Induction Cooker,0.6989247663195194,0.7952221614760863,0.616068798082517,0.4672637262554848,0.9952461823980091,0.6703536243764194,1.5801429210681968,0.0
