,Shoes,Key Chain,Tape,Calender,Mouse,Heat Sink,Motor,Hard Disk
Shoes,0.0,0.31942295832017914,0.7403933081866316,1.0539601773404974,1.306348233667592,1.5758296412123194,0.742861084274657,1.5058681234240394
Key Chain,0.31942295832017914,0.0,0.5430945199659141,0.7886235803252301,0.9619962296193632,1.3320691011400994,1.3531030757312514,2.431415722496071
Tape,0.7403933081866316,0.5430945199659141,0.0,0.274214056475685,1.0728034266484867,1.039139323650591,1.302152021812952,0.7796167192845322
Calender,1.0539601773404974,0.7886235803252301,0.274214056475685,0.0,1.112903732884802,1.4660738381789375,1.4532755039558058,1.0251417927215658
Mouse,1.306348233667592,0.9619962296193632,1.0728034266484867,1.112903732884802,0.0,1.2753619808196404,0.7272020301929291,0.6485954012944751
Heat Sink,1.5758296412123194,1.3320691011400994,1.039139323650591,1.4660738381789375,1.2753619808196404,0.0,0.9624470519172283,1.3017804575252165
Motor,0.742861084274657,1.3531030757312514,1.302152021812952,1.4532755039558058,0.7272020301929291,0.9624470519172283,0.0,0.7697050903317351
Hard Disk,1.5058681234240394,2.431415722496071,0.7796167192845322,1.0251417927215658,0.6485954012944751,1.3017804575252165,0.7697050903317351,0.0
