,Slipper,Plate,Brush,Water Bottle,Cup,Spray,Toothbrush,Umbrella
Slipper,0.0,1.1850469572001414,0.49761324301365834,0.6422232863486473,1.187081274015492,0.9165851874024888,0.6326391167070525,0.9271008828727583
Plate,1.1850469572001414,0.0,0.3286848931157704,0.6181107717797523,0.3538774787093665,0.6138731583253555,0.6492740528190106,0.5632207531016148
Brush,0.49761324301365834,0.3286848931157704,0.0,0.8376248104452302,0.7526366876387,0.6709761509950213,0.36873718395095306,1.0131267867080598
Water Bottle,0.6422232863486473,0.6181107717797523,0.8376248104452302,0.0,0.29611047812217284,0.3952235524646048,0.44216860952595555,0.6950949064004857
Cup,1.187081274015492,0.3538774787093665,0.7526366876387,0.29611047812217284,0.0,0.3999263718535338,0.45748435945925436,1.5207916133743165
Spray,0.9165851874024888,0.6138731583253555,0.6709761509950213,0.3952235524646048,0.3999263718535338,0.0,0.8190782936890033,0.8034037103737833
Toothbrush,0.6326391167070525,0.6492740528190106,0.36873718395095306,0.44216860952595555,0.45748435945925436,0.8190782936890033,0.0,0.6030238213780681
Umbrella,0.9271008828727583,0.5632207531016148,1.0131267867080598,0.6950949064004857,1.5207916133743165,0.8034037103737833,0.6030238213780681,0.0
