,Slipper,Brush,Cup,Spray,Laptop,Smartphone,Air Conditioner,LED
Slipper,0.0,0.5082684460133533,1.251023267133005,1.0292535863779626,1.1074367783471566,1.0078978244025196,1.1792415927573099,1.4428812296778495
Brush,0.5082684460133533,0.0,0.8179054316656756,0.7144002662183617,0.8780685858335278,0.8623817146028369,1.3538572538376252,0.6253402827068633
Cup,1.251023267133005,0.8179054316656756,0.0,0.41692051341428915,1.5734446278766936,0.9866025607350986,1.3056527002789415,1.170063057827847
Spray,1.0292535863779626,0.7144002662183617,0.41692051341428915,0.0,1.2211208895823675,0.7825146572174658,1.0649009896282484,1.17764163519759
Laptop,1.1074367783471566,0.8780685858335278,1.5734446278766936,1.2211208895823675,0.0,0.3865455771759595,0.717114961785068,0.6075968880801322
Smartphone,1.0078978244025196,0.8623817146028369,0.9866025607350986,0.7825146572174658,0.3865455771759595,0.0,0.7805422292209606,0.6319815066793145
Air Conditioner,1.1792415927573099,1.3538572538376252,1.3056527002789415,1.0649009896282484,0.717114961785068,0.7805422292209606,0.0,0.46400445391213085
LED,1.4428812296778495,0.6253402827068633,1.170063057827847,1.17764163519759,0.6075968880801322,0.6319815066793145,0.46400445391213085,0.0
