,Shoes,Bottle,Plate,Sketch Pen,Tape,Teapot,Scissors,Umbrella
Shoes,0.0,0.8494066883507227,0.8786913024164134,0.8738360971783572,0.7585182147128262,1.084801926610269,0.824905827419974,0.4534772807824136
Bottle,0.8494066883507227,0.0,1.3413917156703448,0.454626834134457,0.873558035225432,0.2911532396095019,0.4305696234746641,0.8574048469178989
Plate,0.8786913024164134,1.3413917156703448,0.0,1.0743002815306266,0.8312974021634972,0.38163297274190866,0.5275528543573386,0.5561263590495109
Sketch Pen,0.8738360971783572,0.454626834134457,1.0743002815306266,0.0,0.5750832431089462,0.935402109011814,0.5165617879062824,1.0203953797030074
Tape,0.7585182147128262,0.873558035225432,0.8312974021634972,0.5750832431089462,0.0,0.1486049639830369,0.2598923098940872,0.9878334190868884
Teapot,1.084801926610269,0.2911532396095019,0.38163297274190866,0.935402109011814,0.1486049639830369,0.0,0.7215834131183786,0.7785647724070317
Scissors,0.824905827419974,0.4305696234746641,0.5275528543573386,0.5165617879062824,0.2598923098940872,0.7215834131183786,0.0,0.8414163337316094
Umbrella,0.4534772807824136,0.8574048469178989,0.5561263590495109,1.0203953797030074,0.9878334190868884,0.7785647724070317,0.8414163337316094,0.0
