,Mirror,Plate,Rubber,Tape,Spray,Stamp,Scissors,Umbrella
Mirror,0.0,1.0524219998111497,0.9543906179310937,0.7526795756347566,1.198703503078028,1.6064652626512854,0.6472005102069939,0.7521432926454603
Plate,1.0524219998111497,0.0,0.5412596361012986,0.8301809917599244,0.6126254754581792,1.1246412828898882,0.535308935783348,0.5641638678271866
Rubber,0.9543906179310937,0.5412596361012986,0.0,0.5273511443723994,0.3634704405190777,0.9132847162056142,0.6531138123785432,0.907786015672042
Tape,0.7526795756347566,0.8301809917599244,0.5273511443723994,0.0,0.905503411345691,0.5997236469403617,0.26793416571695483,0.9932539750071686
Spray,1.198703503078028,0.6126254754581792,0.3634704405190777,0.905503411345691,0.0,0.744427406052852,1.2125497336038216,0.8003119866787105
Stamp,1.6064652626512854,1.1246412828898882,0.9132847162056142,0.5997236469403617,0.744427406052852,0.0,0.45103464535249,1.0450795133283548
Scissors,0.6472005102069939,0.535308935783348,0.6531138123785432,0.26793416571695483,1.2125497336038216,0.45103464535249,0.0,0.8598186714500048
Umbrella,0.7521432926454603,0.5641638678271866,0.907786015672042,0.9932539750071686,0.8003119866787105,1.0450795133283548,0.8598186714500048,0.0
