,Plate,Sketch Pen,Tape,Teapot,Projector,Hard Disk,Desktop,Microwave
Plate,0.0,1.0086031459133402,0.8286788223393828,0.38953094611970973,0.9800486112230047,1.2352794797039661,1.1777330474640517,2.252332665106771
Sketch Pen,1.0086031459133402,0.0,0.6235026431801186,1.0098539125189459,1.147446078567693,1.1559680267018149,1.2317070150149427,0.9966431105640825
Tape,0.8286788223393828,0.6235026431801186,0.0,0.1492507317971377,1.7705381134294156,0.7809826327461763,1.2970250832334251,1.1986971441965064
Teapot,0.38953094611970973,1.0098539125189459,0.1492507317971377,0.0,1.1418462855324079,1.0718623751432872,1.1557961313300305,1.262144383702591
Projector,0.9800486112230047,1.147446078567693,1.7705381134294156,1.1418462855324079,0.0,0.8649997269103157,0.7328258700713584,0.6636202692557819
Hard Disk,1.2352794797039661,1.1559680267018149,0.7809826327461763,1.0718623751432872,0.8649997269103157,0.0,0.21844262391124014,0.7290426877276858
Desktop,1.1777330474640517,1.2317070150149427,1.2970250832334251,1.1557961313300305,0.7328258700713584,0.21844262391124014,0.0,0.9182256288341656
Microwave,2.252332665106771,0.9966431105640825,1.1986971441965064,1.262144383702591,0.6636202692557819,0.7290426877276858,0.9182256288341656,0.0
