,Smoke detector,Cable,RAM,Microphone,Vending Machine,Printer,Heater,Desktop
Smoke detector,0.0,0.4846396096400123,0.6124159133501641,0.671782540062511,1.16578821881235,0.9814612595849037,0.5583076682172156,1.250074093793845
Cable,0.4846396096400123,0.0,0.644047439943227,0.5715564786174195,1.1352831330584305,0.5489052519430204,0.4684146672261137,0.30696744353458066
RAM,0.6124159133501641,0.644047439943227,0.0,0.6078446713795874,0.5931471885507446,0.5507088380322123,0.7217004735737312,0.29657474272836865
Microphone,0.671782540062511,0.5715564786174195,0.6078446713795874,0.0,1.245135594746937,0.8385666755629811,0.916084737985212,1.3306983737640163
Vending Machine,1.16578821881235,1.1352831330584305,0.5931471885507446,1.245135594746937,0.0,1.2056340836932626,0.9213141163296706,1.0760671626471827
Printer,0.9814612595849037,0.5489052519430204,0.5507088380322123,0.8385666755629811,1.2056340836932626,0.0,0.5240365412087024,0.7425584617216677
Heater,0.5583076682172156,0.4684146672261137,0.7217004735737312,0.916084737985212,0.9213141163296706,0.5240365412087024,0.0,0.62531046486945
Desktop,1.250074093793845,0.30696744353458066,0.29657474272836865,1.3306983737640163,1.0760671626471827,0.7425584617216677,0.62531046486945,0.0
