,Mirror,Bottle,Brush,Floor Sweeper,Cup,Spray,Tissue,Umbrella
Mirror,0.0,0.9143806802509684,1.0184199653987882,0.7663574252068194,0.6926076309006369,1.1758978790591261,0.9667682899815324,0.7276871315154008
Bottle,0.9143806802509684,0.0,0.8185786912756313,0.9100287825214093,0.24465197893810095,0.5994015162018486,0.3639180016603912,0.8613843228459969
Brush,1.0184199653987882,0.8185786912756313,0.0,0.6967145421913049,0.7274471419665853,0.6540879092071411,0.8814140412514764,1.0263303276238247
Floor Sweeper,0.7663574252068194,0.9100287825214093,0.6967145421913049,0.0,0.7298354864688096,0.6608872336294527,0.9140458853513405,0.18576156874985117
Cup,0.6926076309006369,0.24465197893810095,0.7274471419665853,0.7298354864688096,0.0,0.39331589527844063,0.4403552716229816,1.505218694014538
Spray,1.1758978790591261,0.5994015162018486,0.6540879092071411,0.6608872336294527,0.39331589527844063,0.0,0.28589603410859593,0.8251075401117548
Tissue,0.9667682899815324,0.3639180016603912,0.8814140412514764,0.9140458853513405,0.4403552716229816,0.28589603410859593,0.0,1.0338623583168407
Umbrella,0.7276871315154008,0.8613843228459969,1.0263303276238247,0.18576156874985117,1.505218694014538,0.8251075401117548,1.0338623583168407,0.0
