,Laptop,Smartphone,LED,Adapter,Motor,Microphone,Camera,Printer
Laptop,0.0,0.40284471035421854,0.631825651441062,0.45455993441380327,0.864923836861447,0.5463879163755577,0.6112322861850411,0.9058673111093883
Smartphone,0.40284471035421854,0.0,0.6563185451949097,0.3165529163228925,0.9078498927237822,0.4075902795278835,0.6698910114865307,0.945341907038432
LED,0.631825651441062,0.6563185451949097,0.0,0.7682791024767966,0.6444707707343258,0.6380737404699962,1.0586153438664194,0.37769687234935123
Adapter,0.45455993441380327,0.3165529163228925,0.7682791024767966,0.0,0.6705288951334114,0.7230044755177436,0.8571367903656107,0.5104395677264164
Motor,0.864923836861447,0.9078498927237822,0.6444707707343258,0.6705288951334114,0.0,1.1496098001715183,1.035584736918989,0.44745654428332554
Microphone,0.5463879163755577,0.4075902795278835,0.6380737404699962,0.7230044755177436,1.1496098001715183,0.0,0.5608348575967714,0.8480072280156624
Camera,0.6112322861850411,0.6698910114865307,1.0586153438664194,0.8571367903656107,1.035584736918989,0.5608348575967714,0.0,0.6920363086307533
Printer,0.9058673111093883,0.945341907038432,0.37769687234935123,0.5104395677264164,0.44745654428332554,0.8480072280156624,0.6920363086307533,0.0
