,Smoke detector,Cable,FLASH Memory,Hard Disk,Calculator,Television,Microwave,Induction Cooker
Smoke detector,0.0,0.5082056783174812,0.3916459162028389,0.9322240048334561,0.6441742679103386,0.7489844112578747,0.9229005356314294,0.8066319890312106
Cable,0.5082056783174812,0.0,0.25094203272429305,0.7496695472817059,0.7535108334626042,0.40401186398355093,0.4998120711264872,0.3899238509175158
FLASH Memory,0.3916459162028389,0.25094203272429305,0.0,0.3509856481141974,0.6074835800445875,0.6575891077626352,0.8561746034178395,0.9918006102986435
Hard Disk,0.9322240048334561,0.7496695472817059,0.3509856481141974,0.0,0.6422490872437329,0.7781795580808817,0.7058290323867872,0.6472193742224372
Calculator,0.6441742679103386,0.7535108334626042,0.6074835800445875,0.6422490872437329,0.0,0.8218055395763549,0.6700818575213463,0.8241713847022852
Television,0.7489844112578747,0.40401186398355093,0.6575891077626352,0.7781795580808817,0.8218055395763549,0.0,1.0026472618449027,0.6028641476808582
Microwave,0.9229005356314294,0.4998120711264872,0.8561746034178395,0.7058290323867872,0.6700818575213463,1.0026472618449027,0.0,0.41542863630678767
Induction Cooker,0.8066319890312106,0.3899238509175158,0.9918006102986435,0.6472193742224372,0.8241713847022852,0.6028641476808582,0.41542863630678767,0.0
