,Bag,Shoes,Tape,Whiteboard,Cup,Teapot,Tissue,Calender
Bag,0.0,0.8865728631486327,0.5915497722448961,1.013370357004265,0.7708008856780545,0.6197491599442557,0.411074308026039,0.9365649182565373
Shoes,0.8865728631486327,0.0,0.7585101671603607,0.8502482482617733,1.1702079192522092,1.084889737403136,0.9820219999144687,1.092002050335044
Tape,0.5915497722448961,0.7585101671603607,0.0,1.2988534076178175,0.7921490090691844,0.14859956097814603,0.372307903478769,0.24961709431969167
Whiteboard,1.013370357004265,0.8502482482617733,1.2988534076178175,0.0,1.1684652980004897,1.1048973405204676,0.8064962733953719,0.3718377232851788
Cup,0.7708008856780545,1.1702079192522092,0.7921490090691844,1.1684652980004897,0.0,0.3342579621835877,0.4400207204753154,1.4417995098709373
Teapot,0.6197491599442557,1.084889737403136,0.14859956097814603,1.1048973405204676,0.3342579621835877,0.0,0.7376241896304712,1.5630589755732165
Tissue,0.411074308026039,0.9820219999144687,0.372307903478769,0.8064962733953719,0.4400207204753154,0.7376241896304712,0.0,0.9702062362339294
Calender,0.9365649182565373,1.092002050335044,0.24961709431969167,0.3718377232851788,1.4417995098709373,1.5630589755732165,0.9702062362339294,0.0
