,Towel,Wallet,Scissors,Umbrella,Smartphone,Remote,Mouse,Heat Sink
Towel,0.0,0.9166433184752961,0.6924647664483278,4.882517918265115,1.0440422932625553,1.1726273181248303,1.0020201915102254,1.1739392635776973
Wallet,0.9166433184752961,0.0,0.4447431083462735,0.6504821625270873,0.7477536353391132,1.0213840057981773,1.3178885836437935,1.3722608782995585
Scissors,0.6924647664483278,0.4447431083462735,0.0,0.9281738142066364,1.4324237887945388,1.7864829108181048,0.8828223649913293,1.1495960444454996
Umbrella,4.882517918265115,0.6504821625270873,0.9281738142066364,0.0,0.7090007365530407,1.1078319997441615,0.8036285214880693,1.0958396202066738
Smartphone,1.0440422932625553,0.7477536353391132,1.4324237887945388,0.7090007365530407,0.0,0.8976041265683807,0.8329587099740541,0.940710428610369
Remote,1.1726273181248303,1.0213840057981773,1.7864829108181048,1.1078319997441615,0.8976041265683807,0.0,0.8103257732321705,0.8295619721216715
Mouse,1.0020201915102254,1.3178885836437935,0.8828223649913293,0.8036285214880693,0.8329587099740541,0.8103257732321705,0.0,1.197681299704062
Heat Sink,1.1739392635776973,1.3722608782995585,1.1495960444454996,1.0958396202066738,0.940710428610369,0.8295619721216715,1.197681299704062,0.0
