,Mouse,Heat Sink,Motor,Hard Disk,Battery,Camera,Calculator,Desktop
Mouse,0.0,1.2205623237267924,0.7746305544745093,0.6567719026599965,0.7278828158289636,0.8550186934811675,1.6234045234206584,1.3719738144703602
Heat Sink,1.2205623237267924,0.0,0.9892890339509549,1.2525098185172239,0.7404266939501405,0.9033263918712803,1.7934942492384476,0.7680976233468718
Motor,0.7746305544745093,0.9892890339509549,0.0,0.7751210518701983,0.8430809162377217,1.0381029910202806,1.1276167553548313,0.9963548025455545
Hard Disk,0.6567719026599965,1.2525098185172239,0.7751210518701983,0.0,0.5804255305558823,1.1325070129155548,0.6594761469270879,0.21883172702955228
Battery,0.7278828158289636,0.7404266939501405,0.8430809162377217,0.5804255305558823,0.0,0.30009399568371625,0.29921253375007295,0.8901572489105231
Camera,0.8550186934811675,0.9033263918712803,1.0381029910202806,1.1325070129155548,0.30009399568371625,0.0,0.5262474458535316,0.8045897781821798
Calculator,1.6234045234206584,1.7934942492384476,1.1276167553548313,0.6594761469270879,0.29921253375007295,0.5262474458535316,0.0,0.6733442236942951
Desktop,1.3719738144703602,0.7680976233468718,0.9963548025455545,0.21883172702955228,0.8901572489105231,0.8045897781821798,0.6733442236942951,0.0
