,Bottle,Brush,Floor Sweeper,Umbrella,Smoke detector,Cable,FLASH Memory,Microwave
Bottle,0.0,0.8193950925422534,0.8481428262731724,0.9045757537522793,0.829237967988053,1.1199800092407814,1.3773707832727464,1.3466121565379667
Brush,0.8193950925422534,0.0,0.6874992597319441,1.0077761190074055,1.3128384962143378,0.9967979308675085,1.2793625436380085,1.610760816213629
Floor Sweeper,0.8481428262731724,0.6874992597319441,0.0,0.1953877745082869,1.2321411971321552,1.1667490554726638,0.6700833952127675,1.8052097400635179
Umbrella,0.9045757537522793,1.0077761190074055,0.1953877745082869,0.0,1.489533984283447,0.7655246571745048,1.262777073272956,1.5761872609835368
Smoke detector,0.829237967988053,1.3128384962143378,1.2321411971321552,1.489533984283447,0.0,0.4750922401382329,0.34110482053208097,0.8098822184064063
Cable,1.1199800092407814,0.9967979308675085,1.1667490554726638,0.7655246571745048,0.4750922401382329,0.0,0.2522031908195101,0.4512379054790915
FLASH Memory,1.3773707832727464,1.2793625436380085,0.6700833952127675,1.262777073272956,0.34110482053208097,0.2522031908195101,0.0,0.8089737043632762
Microwave,1.3466121565379667,1.610760816213629,1.8052097400635179,1.5761872609835368,0.8098822184064063,0.4512379054790915,0.8089737043632762,0.0
