,Shoes,Slipper,Brush,Water Bottle,Tape,Box,Floor Sweeper,Chopsticks
Shoes,0.0,0.2853096512389429,1.4777195263604301,0.8475656035403532,0.7486171791247637,0.8389588547178107,0.521339614866461,2.5333041066068147
Slipper,0.2853096512389429,0.0,0.4996957801210646,0.6377061134731705,1.2499636745213556,0.8182254834000272,0.5048385410155414,1.0575036768420343
Brush,1.4777195263604301,0.4996957801210646,0.0,0.8311232054780914,0.692703826112335,0.5302408027644266,0.68700691973154,0.6532750356766259
Water Bottle,0.8475656035403532,0.6377061134731705,0.8311232054780914,0.0,0.9077706220017392,0.5395134935373586,1.4583638601728923,0.49845612382449467
Tape,0.7486171791247637,1.2499636745213556,0.692703826112335,0.9077706220017392,0.0,0.6282210143694019,0.5408667680808663,1.6496610134376346
Box,0.8389588547178107,0.8182254834000272,0.5302408027644266,0.5395134935373586,0.6282210143694019,0.0,0.886715870167853,0.5229567364151304
Floor Sweeper,0.521339614866461,0.5048385410155414,0.68700691973154,1.4583638601728923,0.5408667680808663,0.886715870167853,0.0,0.6510304710634974
Chopsticks,2.5333041066068147,1.0575036768420343,0.6532750356766259,0.49845612382449467,1.6496610134376346,0.5229567364151304,0.6510304710634974,0.0
