,Smartphone,Switch,Fridge,Keyboard,Battery,Monitor,Television,Induction Cooker
Smartphone,0.0,0.913798192081813,0.8782010606871302,0.7749680498736721,0.3125701248465324,0.5416736460140928,0.8349070209866697,1.0424455794473213
Switch,0.913798192081813,0.0,0.39478309074706497,0.4274362201535918,0.6341220123507726,0.2803789047230306,0.37871355144467966,0.3785056426873438
Fridge,0.8782010606871302,0.39478309074706497,0.0,1.104692618266088,0.7132529975611381,1.0910804623327501,1.2725699540669448,0.6337777030826842
Keyboard,0.7749680498736721,0.4274362201535918,1.104692618266088,0.0,0.5507210818204572,0.6042157181287069,0.5836751717790212,0.7261713760485113
Battery,0.3125701248465324,0.6341220123507726,0.7132529975611381,0.5507210818204572,0.0,0.5575159538965186,0.882069886503748,0.7132022173615655
Monitor,0.5416736460140928,0.2803789047230306,1.0910804623327501,0.6042157181287069,0.5575159538965186,0.0,0.27550289227293623,0.540284698941245
Television,0.8349070209866697,0.37871355144467966,1.2725699540669448,0.5836751717790212,0.882069886503748,0.27550289227293623,0.0,0.5473340644139741
Induction Cooker,1.0424455794473213,0.3785056426873438,0.6337777030826842,0.7261713760485113,0.7132022173615655,0.540284698941245,0.5473340644139741,0.0
