,Keyboard,Cable,Earphone,RAM,FLASH Memory,Battery,Heater,Rice Cooker
Keyboard,0.0,0.4404147255884266,0.45586493862691657,0.9905590078692614,0.42198001668723595,0.5508467194696732,0.7344024834126824,1.0854075646716974
Cable,0.4404147255884266,0.0,0.48381478617014995,0.6116038990973822,0.11500734259020656,0.9342385717582083,0.4474413423631935,0.360377115482534
Earphone,0.45586493862691657,0.48381478617014995,0.0,0.7365592713896798,0.8092107334524583,0.8436187917690022,0.8373474157756969,1.1264440681078096
RAM,0.9905590078692614,0.6116038990973822,0.7365592713896798,0.0,0.26092405616823994,0.5317314493130327,0.7150654443979406,0.6970359970510367
FLASH Memory,0.42198001668723595,0.11500734259020656,0.8092107334524583,0.26092405616823994,0.0,0.7552436027661822,0.47061528516918844,1.0086043783214538
Battery,0.5508467194696732,0.9342385717582083,0.8436187917690022,0.5317314493130327,0.7552436027661822,0.0,0.5782897381963222,0.7097509476961597
Heater,0.7344024834126824,0.4474413423631935,0.8373474157756969,0.7150654443979406,0.47061528516918844,0.5782897381963222,0.0,0.28590019207733125
Rice Cooker,1.0854075646716974,0.360377115482534,1.1264440681078096,0.6970359970510367,1.0086043783214538,0.7097509476961597,0.28590019207733125,0.0
