,Mirror,Bottle,Sketch Pen,Briefcase,Switch,Keyboard,LED,RAM
Mirror,0.0,0.9568543301877981,0.7535483589958941,1.098467273183755,1.1960849293954325,0.7467799340486936,0.6781196786286763,1.254777174499706
Bottle,0.9568543301877981,0.0,0.44734603542799845,0.5777928434205329,1.1855122460392447,1.1418464897104528,1.2596291068177792,1.1313390767043112
Sketch Pen,0.7535483589958941,0.44734603542799845,0.0,0.5669243305808201,1.217377075279223,0.9380952318904231,1.0994173150763649,1.3340423983486216
Briefcase,1.098467273183755,0.5777928434205329,0.5669243305808201,0.0,0.800847815231686,1.8060363963183177,1.350234775113034,1.3711296551791692
Switch,1.1960849293954325,1.1855122460392447,1.217377075279223,0.800847815231686,0.0,0.4266093182771915,0.7561829957397558,0.7485904738960703
Keyboard,0.7467799340486936,1.1418464897104528,0.9380952318904231,1.8060363963183177,0.4266093182771915,0.0,0.3664896441401252,0.9908006073344358
LED,0.6781196786286763,1.2596291068177792,1.0994173150763649,1.350234775113034,0.7561829957397558,0.3664896441401252,0.0,0.571755466986375
RAM,1.254777174499706,1.1313390767043112,1.3340423983486216,1.3711296551791692,0.7485904738960703,0.9908006073344358,0.571755466986375,0.0
