,Rubber,Water Bottle,Whiteboard,Briefcase,Motor,Heater,Television,Microwave
Rubber,0.0,0.8651942255554189,0.6532582145793687,1.0038039132458463,1.1669510625272252,0.988672984604716,1.242120891004093,1.572160443758187
Water Bottle,0.8651942255554189,0.0,0.8075713263556654,0.8019491565556529,1.2086212475778748,0.7805210611142539,1.3313040083888172,0.9153119415913689
Whiteboard,0.6532582145793687,0.8075713263556654,0.0,0.7795894890564063,1.5001822493639418,1.2300028273596861,0.8465613790689795,0.7383401246609116
Briefcase,1.0038039132458463,0.8019491565556529,0.7795894890564063,0.0,1.080076477160616,1.327675043068916,1.2993189262087392,1.0278526707607665
Motor,1.1669510625272252,1.2086212475778748,1.5001822493639418,1.080076477160616,0.0,0.34378472878778754,0.4524691270784348,0.5874698652825381
Heater,0.988672984604716,0.7805210611142539,1.2300028273596861,1.327675043068916,0.34378472878778754,0.0,0.6298283858043076,0.4097248295064538
Television,1.242120891004093,1.3313040083888172,0.8465613790689795,1.2993189262087392,0.4524691270784348,0.6298283858043076,0.0,1.0109925209987987
Microwave,1.572160443758187,0.9153119415913689,0.7383401246609116,1.0278526707607665,0.5874698652825381,0.4097248295064538,1.0109925209987987,0.0
