,Bag,Towel,Cup,Scissors,Fridge,Battery,Monitor,Television
Bag,0.0,0.5572326690743094,0.7769890729118,0.660355105176162,1.7887575499196626,0.7085411418993351,1.2286969210997767,1.0170356443177508
Towel,0.5572326690743094,0.0,0.7478974306602215,0.5923618176095,0.8075149141036848,0.8180565736132411,1.3141447681295655,1.295477513575678
Cup,0.7769890729118,0.7478974306602215,0.0,1.3245365212954314,1.2186763256294901,1.5736847347917147,1.0320613636689506,1.284803083229825
Scissors,0.660355105176162,0.5923618176095,1.3245365212954314,0.0,1.6119149675709827,0.9892589321528789,1.140326409868947,1.5955589142156115
Fridge,1.7887575499196626,0.8075149141036848,1.2186763256294901,1.6119149675709827,0.0,0.7131721207999171,1.0926658281732748,1.2732905915915749
Battery,0.7085411418993351,0.8180565736132411,1.5736847347917147,0.9892589321528789,0.7131721207999171,0.0,0.5573933799093971,0.8815243745352679
Monitor,1.2286969210997767,1.3141447681295655,1.0320613636689506,1.140326409868947,1.0926658281732748,0.5573933799093971,0.0,0.2755791302713124
Television,1.0170356443177508,1.295477513575678,1.284803083229825,1.5955589142156115,1.2732905915915749,0.8815243745352679,0.2755791302713124,0.0
