,Bottle,Brush,Towel,Marker Pen,Mouse,Motor,FLASH Memory,Microwave
Bottle,0.0,0.80077459424036,0.7644122597307268,0.6123517994803296,1.1528862012741157,1.2326610511190212,1.4156125190422988,1.3581849928026588
Brush,0.80077459424036,0.0,0.7073577463012772,0.6120844478522788,1.0965671678727804,1.1989606730798,1.2704454719169518,1.1983160301553746
Towel,0.7644122597307268,0.7073577463012772,0.0,0.7292109188479745,0.9432299136225846,1.3564742150428175,1.0617238190536453,1.3235738571390774
Marker Pen,0.6123517994803296,0.6120844478522788,0.7292109188479745,0.0,0.9835286837180158,1.5296827054233126,1.316464650735057,1.0286703294205741
Mouse,1.1528862012741157,1.0965671678727804,0.9432299136225846,0.9835286837180158,0.0,0.7380583480030877,0.38170708998271136,0.6498762871979545
Motor,1.2326610511190212,1.1989606730798,1.3564742150428175,1.5296827054233126,0.7380583480030877,0.0,0.9280844157838782,0.5871758750662389
FLASH Memory,1.4156125190422988,1.2704454719169518,1.0617238190536453,1.316464650735057,0.38170708998271136,0.9280844157838782,0.0,0.8157682443280939
Microwave,1.3581849928026588,1.1983160301553746,1.3235738571390774,1.0286703294205741,0.6498762871979545,0.5871758750662389,0.8157682443280939,0.0
