,Towel,Tissue,Scissors,Calender,Laptop,LED,Adapter,Motor
Towel,0.0,0.2684660188054174,0.5903669904970917,0.8309937706645358,1.4338487060021052,1.3412088752174989,1.1056853041671775,1.3556222200639716
Tissue,0.2684660188054174,0.0,0.6555535765902964,0.9828778334821205,1.2582896460425572,1.2598924014590538,0.9861286386644632,1.2536510540161647
Scissors,0.5903669904970917,0.6555535765902964,0.0,0.9338535896159678,0.88279456217101,1.2991470086996877,0.8305888536374808,1.4796165542424162
Calender,0.8309937706645358,0.9828778334821205,0.9338535896159678,0.0,1.494976365691535,1.2367588598332775,0.9916670173106407,1.4679934525548615
Laptop,1.4338487060021052,1.2582896460425572,0.88279456217101,1.494976365691535,0.0,0.5766935600399353,0.40536934497405064,0.884570232306758
LED,1.3412088752174989,1.2598924014590538,1.2991470086996877,1.2367588598332775,0.5766935600399353,0.0,0.7351367617617884,0.5807699326578475
Adapter,1.1056853041671775,0.9861286386644632,0.8305888536374808,0.9916670173106407,0.40536934497405064,0.7351367617617884,0.0,0.6986662357250888
Motor,1.3556222200639716,1.2536510540161647,1.4796165542424162,1.4679934525548615,0.884570232306758,0.5807699326578475,0.6986662357250888,0.0
