,Switch,Keyboard,LED,Motor,RAM,Hard Disk,Desktop,Television
Switch,0.0,0.42677544563728137,0.7564468933757236,0.5570222338854166,0.7487099743719522,0.7438588050360094,0.7041904539096251,0.37828977586073553
Keyboard,0.42677544563728137,0.0,0.3667114764616864,0.8172659229238135,0.9906765377785439,1.772663013881824,0.30916763645537687,0.5835694900832902
LED,0.7564468933757236,0.3667114764616864,0.0,0.5806981422969083,0.571568334202841,0.6087588524682493,0.46804158546678953,0.45453847656461777
Motor,0.5570222338854166,0.8172659229238135,0.5806981422969083,0.0,0.843953218825838,0.7420364665872426,0.91092030556161,0.45259811246880627
RAM,0.7487099743719522,0.9906765377785439,0.571568334202841,0.843953218825838,0.0,0.38583657587282105,0.27259100618268906,0.5249420760447481
Hard Disk,0.7438588050360094,1.772663013881824,0.6087588524682493,0.7420364665872426,0.38583657587282105,0.0,0.248634474302264,0.7345123638678127
Desktop,0.7041904539096251,0.30916763645537687,0.46804158546678953,0.91092030556161,0.27259100618268906,0.248634474302264,0.0,0.651862231851392
Television,0.37828977586073553,0.5835694900832902,0.45453847656461777,0.45259811246880627,0.5249420760447481,0.7345123638678127,0.651862231851392,0.0
