,Smartphone,Remote,Fridge,Earphone,Projector,Battery,Microphone,Television
Smartphone,0.0,0.9523940157052595,0.8782145657654344,0.35949476182674267,0.9864757829400488,0.3125728076689471,0.3649555800042742,0.8349313063360291
Remote,0.9523940157052595,0.0,0.7280887944963452,0.7167718999949971,0.39377511565721746,8.538982676907574,1.1986969298527732,0.27667654880906284
Fridge,0.8782145657654344,0.7280887944963452,0.0,1.0188316119290082,0.5515183998031213,0.7132502979785833,0.8213091200763787,1.2726066665192455
Earphone,0.35949476182674267,0.7167718999949971,1.0188316119290082,0.0,0.6736312661957049,0.8438384842694959,0.37999382134704746,0.40863089039293715
Projector,0.9864757829400488,0.39377511565721746,0.5515183998031213,0.6736312661957049,0.0,0.7772569886116042,0.673002204592084,0.2756661678812872
Battery,0.3125728076689471,8.538982676907574,0.7132502979785833,0.8438384842694959,0.7772569886116042,0.0,0.5174067257772123,0.8821029045119988
Microphone,0.3649555800042742,1.1986969298527732,0.8213091200763787,0.37999382134704746,0.673002204592084,0.5174067257772123,0.0,0.7924359675998927
Television,0.8349313063360291,0.27667654880906284,1.2726066665192455,0.40863089039293715,0.2756661678812872,0.8821029045119988,0.7924359675998927,0.0
