,Plate,Brush,Marker Pen,Chopsticks,Fridge,LED,Projector,Television
Plate,0.0,0.3462497181275498,0.7708521141743141,0.7356421080875204,1.0130865848190242,1.481917021625168,0.9808049156386542,1.2113119577275768
Brush,0.3462497181275498,0.0,0.6138909777637603,0.6626882407724999,1.3856473132637332,0.386992717723497,1.0289726725370592,1.2807564605287711
Marker Pen,0.7708521141743141,0.6138909777637603,0.0,0.5059525231690761,1.0375286953777623,1.0881268754378166,1.036853729206011,1.5624814557256592
Chopsticks,0.7356421080875204,0.6626882407724999,0.5059525231690761,0.0,2.794362136581711,1.2368033854445586,1.4229563188215042,1.1394547041500895
Fridge,1.0130865848190242,1.3856473132637332,1.0375286953777623,2.794362136581711,0.0,0.43500989819421976,0.5513974073491337,1.2703462767587959
LED,1.481917021625168,0.386992717723497,1.0881268754378166,1.2368033854445586,0.43500989819421976,0.0,0.32522804390167676,0.45441430103076946
Projector,0.9808049156386542,1.0289726725370592,1.036853729206011,1.4229563188215042,0.5513974073491337,0.32522804390167676,0.0,0.27498764883548205
Television,1.2113119577275768,1.2807564605287711,1.5624814557256592,1.1394547041500895,1.2703462767587959,0.45441430103076946,0.27498764883548205,0.0
