,Shoes,Mirror,Rubber,Water Bottle,Whiteboard,Toothbrush,Briefcase,Umbrella
Shoes,0.0,0.8908966867197591,0.9540033021089384,0.8173831344333172,0.8752699267479903,0.8431468111426453,0.9646559774237596,0.4484703160710886
Mirror,0.8908966867197591,0.0,0.9202689159966139,1.032019164795123,0.6965831202948266,0.7335955630856534,1.1008750209160283,0.7331539352931068
Rubber,0.9540033021089384,0.9202689159966139,0.0,0.8653678778044708,0.6524606445174572,0.46525778063171913,1.0030646697812478,0.9154199568744702
Water Bottle,0.8173831344333172,1.032019164795123,0.8653678778044708,0.0,0.8072453737851819,0.46664778798498924,0.8017056769614647,0.7350838320481651
Whiteboard,0.8752699267479903,0.6965831202948266,0.6524606445174572,0.8072453737851819,0.0,0.9820037962976528,0.7787929845262542,1.074560336169928
Toothbrush,0.8431468111426453,0.7335955630856534,0.46525778063171913,0.46664778798498924,0.9820037962976528,0.0,0.44554553564318683,0.6240197109745277
Briefcase,0.9646559774237596,1.1008750209160283,1.0030646697812478,0.8017056769614647,0.7787929845262542,0.44554553564318683,0.0,0.7320202893523996
Umbrella,0.4484703160710886,0.7331539352931068,0.9154199568744702,0.7350838320481651,1.074560336169928,0.6240197109745277,0.7320202893523996,0.0
