,Slipper,Mirror,Bottle,Plate,Sketch Pen,Scissors,Briefcase,Umbrella
Slipper,0.0,1.332970289641664,1.1224614465302865,1.1601113931895375,1.0912698399528729,0.6792168925268847,1.1321316083771646,0.9072574507203095
Mirror,1.332970289641664,0.0,0.9568557417546599,1.0168659526505666,0.7534609595092772,0.6744871981902067,1.09861787313516,0.7342410196197368
Bottle,1.1224614465302865,0.9568557417546599,0.0,1.4166429693111695,0.4472995626617162,1.4455965558663844,0.5776838193993952,0.9475322730043361
Plate,1.1601113931895375,1.0168659526505666,1.4166429693111695,0.0,0.9747703196890161,0.5328796809942109,0.6559285992142485,0.5661877531507781
Sketch Pen,1.0912698399528729,0.7534609595092772,0.4472995626617162,0.9747703196890161,0.0,0.5495771199963403,0.5668531705202301,0.9612540849203663
Scissors,0.6792168925268847,0.6744871981902067,1.4455965558663844,0.5328796809942109,0.5495771199963403,0.0,0.9269442906226141,0.8895122503650824
Briefcase,1.1321316083771646,1.09861787313516,0.5776838193993952,0.6559285992142485,0.5668531705202301,0.9269442906226141,0.0,0.7329817362627362
Umbrella,0.9072574507203095,0.7342410196197368,0.9475322730043361,0.5661877531507781,0.9612540849203663,0.8895122503650824,0.7329817362627362,0.0
