,Air Conditioner,Fridge,Keyboard,Mouse,LED,Motor,FLASH Memory,Microwave
Air Conditioner,0.0,0.3193807704786159,0.6603949979756926,1.0522816211363835,0.4362012609065218,0.7026164016014359,1.3264875117235437,0.5583061707213631
Fridge,0.3193807704786159,0.0,1.1045316229744278,1.4122927202119324,0.4352284794204583,1.0278828134810538,1.2322072961095833,0.43709763360218296
Keyboard,0.6603949979756926,1.1045316229744278,0.0,0.296829545684413,0.366693291300136,0.817297099739275,0.42204192022304937,1.2105158554476407
Mouse,1.0522816211363835,1.4122927202119324,0.296829545684413,0.0,0.40762650389977245,0.7404995167666827,0.38286347751187955,0.6493610943890095
LED,0.4362012609065218,0.4352284794204583,0.366693291300136,0.40762650389977245,0.0,0.5806916698316653,0.727535643535068,0.4937694215189299
Motor,0.7026164016014359,1.0278828134810538,0.817297099739275,0.7404995167666827,0.5806916698316653,0.0,0.9281974860384244,0.5886184587716514
FLASH Memory,1.3264875117235437,1.2322072961095833,0.42204192022304937,0.38286347751187955,0.727535643535068,0.9281974860384244,0.0,0.8159504207399495
Microwave,0.5583061707213631,0.43709763360218296,1.2105158554476407,0.6493610943890095,0.4937694215189299,0.5886184587716514,0.8159504207399495,0.0
