,Plate,Rubber,Towel,Cup,Tissue,Scissors,Glasses,Calender
Plate,0.0,0.5628816246019076,0.5430523746166489,0.3607672341696253,0.6541006189874818,0.5343838934792701,0.8583904167011649,1.1649621794213298
Rubber,0.5628816246019076,0.0,0.5308354961506245,0.7594985293327856,0.2748679256119321,0.5979872146425061,0.7297067331357528,0.7123739205435167
Towel,0.5430523746166489,0.5308354961506245,0.0,0.7489316451500193,0.2691691619496767,0.5934526932349616,0.7432618858585477,0.8348287702348831
Cup,0.3607672341696253,0.7594985293327856,0.7489316451500193,0.0,0.42609082823256555,1.3249914218680467,0.5414033805613714,1.4451438335368239
Tissue,0.6541006189874818,0.2748679256119321,0.2691691619496767,0.42609082823256555,0.0,0.6559705118845812,0.9707399114487939,0.9835912363177431
Scissors,0.5343838934792701,0.5979872146425061,0.5934526932349616,1.3249914218680467,0.6559705118845812,0.0,1.3636304932185819,0.9310497700251563
Glasses,0.8583904167011649,0.7297067331357528,0.7432618858585477,0.5414033805613714,0.9707399114487939,1.3636304932185819,0.0,1.6343260014403516
Calender,1.1649621794213298,0.7123739205435167,0.8348287702348831,1.4451438335368239,0.9835912363177431,0.9310497700251563,1.6343260014403516,0.0
