,Towel,Toothbrush,Briefcase,Umbrella,Cable,Earphone,RAM,Heater
Towel,0.0,0.43166872235235665,0.6512499665669611,1.6787992471235307,1.2924255039117922,0.834386449328442,0.8508294279319019,0.7814491816986231
Toothbrush,0.43166872235235665,0.0,0.44579547661565,0.6244340461219262,1.4170914931784369,1.0867151326574596,1.3226468164803098,1.3869694411727025
Briefcase,0.6512499665669611,0.44579547661565,0.0,0.7325948838843926,0.9144716475047877,0.4336974311986332,1.372681195718911,1.3277171438752515
Umbrella,1.6787992471235307,0.6244340461219262,0.7325948838843926,0.0,0.734209882069371,0.9704560888077373,1.0115133227976145,1.1919582567021727
Cable,1.2924255039117922,1.4170914931784369,0.9144716475047877,0.734209882069371,0.0,0.4835749167495219,0.6120690157056384,0.44702748861028413
Earphone,0.834386449328442,1.0867151326574596,0.4336974311986332,0.9704560888077373,0.4835749167495219,0.0,0.7365077537793286,0.8376282054425015
RAM,0.8508294279319019,1.3226468164803098,1.372681195718911,1.0115133227976145,0.6120690157056384,0.7365077537793286,0.0,0.7154265159666982
Heater,0.7814491816986231,1.3869694411727025,1.3277171438752515,1.1919582567021727,0.44702748861028413,0.8376282054425015,0.7154265159666982,0.0
