,Slipper,Mirror,Brush,Towel,Spray,Tissue,Glasses,Calender
Slipper,0.0,1.3342234665712962,0.5088041951289846,0.7242815849571778,1.0706101521641336,0.6834505803335119,1.0221495444765056,0.9680316539611997
Mirror,1.3342234665712962,0.0,0.9959437281639354,1.1382868285989223,1.2157874065144043,0.9414217020226663,0.36364037344773853,0.5365704232776544
Brush,0.5088041951289846,0.9959437281639354,0.0,0.7081511491150275,0.6882273759772838,0.8801488498873262,0.845266079571133,1.0419596137921356
Towel,0.7242815849571778,1.1382868285989223,0.7081511491150275,0.0,0.547560976316528,0.2688426135380073,0.7428911053456269,0.8330458967899956
Spray,1.0706101521641336,1.2157874065144043,0.6882273759772838,0.547560976316528,0.0,0.2664195130184707,0.7639089141017092,0.9102927620926922
Tissue,0.6834505803335119,0.9414217020226663,0.8801488498873262,0.2688426135380073,0.2664195130184707,0.0,0.9722486408039571,0.9832723592803876
Glasses,1.0221495444765056,0.36364037344773853,0.845266079571133,0.7428911053456269,0.7639089141017092,0.9722486408039571,0.0,1.6321479262213763
Calender,0.9680316539611997,0.5365704232776544,1.0419596137921356,0.8330458967899956,0.9102927620926922,0.9832723592803876,1.6321479262213763,0.0
