,Fridge,Keyboard,Earphone,FLASH Memory,Vending Machine,Heater,Microwave,Rice Cooker
Fridge,0.0,1.1044634444841464,1.0211330924333926,1.231499486997043,0.5812892057470628,0.7958850035775425,0.4369205608505239,0.8542239752077874
Keyboard,1.1044634444841464,0.0,0.45543132213770565,0.4221861370936395,1.0565559252023053,0.73434824967815,1.2111789729615152,1.0866132490808886
Earphone,1.0211330924333926,0.45543132213770565,0.0,0.8096566230365921,0.9154470752269693,0.8375230667658987,6.355998990278057,1.1263520043645563
FLASH Memory,1.231499486997043,0.4221861370936395,0.8096566230365921,0.0,0.9928748550446559,0.4704947941151746,0.8158899095880968,1.0081162221101727
Vending Machine,0.5812892057470628,1.0565559252023053,0.9154470752269693,0.9928748550446559,0.0,0.9229977419335191,0.5981555080517517,0.544839359859024
Heater,0.7958850035775425,0.73434824967815,0.8375230667658987,0.4704947941151746,0.9229977419335191,0.0,0.4099169740883967,0.2858972269622933
Microwave,0.4369205608505239,1.2111789729615152,6.355998990278057,0.8158899095880968,0.5981555080517517,0.4099169740883967,0.0,0.40395407375639797
Rice Cooker,0.8542239752077874,1.0866132490808886,1.1263520043645563,1.0081162221101727,0.544839359859024,0.2858972269622933,0.40395407375639797,0.0
