,Fridge,Cable,Earphone,LED,Projector,Camera,Television,Induction Cooker
Fridge,0.0,0.5414342639816465,1.012377298307488,0.4401039737329204,0.5519901654823801,1.1658982904543893,1.2797989927410645,0.6356847082190201
Cable,0.5414342639816465,0.0,0.48499666605750696,0.5723900342946701,0.3708651661098906,0.5280393378270708,0.38584653398466007,0.35429371435481866
Earphone,1.012377298307488,0.48499666605750696,0.0,0.5432067292894552,0.6776028347866633,0.5516246886413262,0.40792504625754905,1.4686977277300368
LED,0.4401039737329204,0.5723900342946701,0.5432067292894552,0.0,0.32851927212407483,0.9646717319980694,0.4570052084599965,0.7939512987490829
Projector,0.5519901654823801,0.3708651661098906,0.6776028347866633,0.32851927212407483,0.0,0.6475119718628987,0.2778966119195657,0.6240815126519145
Camera,1.1658982904543893,0.5280393378270708,0.5516246886413262,0.9646717319980694,0.6475119718628987,0.0,0.7211611382357569,0.6315305433112516
Television,1.2797989927410645,0.38584653398466007,0.40792504625754905,0.4570052084599965,0.2778966119195657,0.7211611382357569,0.0,0.5488155811419533
Induction Cooker,0.6356847082190201,0.35429371435481866,1.4686977277300368,0.7939512987490829,0.6240815126519145,0.6315305433112516,0.5488155811419533,0.0
