,Bag,Shoes,Slipper,Mirror,Brush,Towel,Cup,Scissors
Bag,0.0,0.8686419807619065,0.8145148779218899,0.7571272125397647,0.45875436264911107,0.5570965761365964,0.7768252377733946,0.660441329391962
Shoes,0.8686419807619065,0.0,0.28765347353181814,0.8902870237662616,1.4557863727024212,0.8308620284131312,1.1923377218199789,0.8605598489598004
Slipper,0.8145148779218899,0.28765347353181814,0.0,1.3343083631872577,0.5087704421937262,0.7243931894177852,1.2500183986434164,0.6789459636982411
Mirror,0.7571272125397647,0.8902870237662616,1.3343083631872577,0.0,0.9959408801414624,1.1384282309083968,0.7572402222324822,0.6736552772519163
Brush,0.45875436264911107,1.4557863727024212,0.5087704421937262,0.9959408801414624,0.0,0.7081899825496333,0.7424169098184352,0.614137282933929
Towel,0.5570965761365964,0.8308620284131312,0.7243931894177852,1.1384282309083968,0.7081899825496333,0.0,0.747818442330916,0.5921797294355284
Cup,0.7768252377733946,1.1923377218199789,1.2500183986434164,0.7572402222324822,0.7424169098184352,0.747818442330916,0.0,1.324220370174174
Scissors,0.660441329391962,0.8605598489598004,0.6789459636982411,0.6736552772519163,0.614137282933929,0.5921797294355284,1.324220370174174,0.0
