,Slipper,Bottle,Plate,Brush,Towel,Marker Pen,Spray,Umbrella
Slipper,0.0,1.1224773028703252,1.1601061033774946,0.5091128668951652,0.7230893765193531,0.8790206137822532,1.0698080638621017,0.9072828130743397
Bottle,1.1224773028703252,0.0,1.4167243703646784,0.8016391624689766,0.7658375066808587,0.6123959831276702,0.6118634003352361,0.947574406025164
Plate,1.1601061033774946,1.4167243703646784,0.0,0.3462429076243504,0.5442519125427483,0.770785862361117,0.61143007261235,0.5662261590171492
Brush,0.5091128668951652,0.8016391624689766,0.3462429076243504,0.0,0.707667640204011,0.6137576555366948,0.6877719414206513,0.9901691717745997
Towel,0.7230893765193531,0.7658375066808587,0.5442519125427483,0.707667640204011,0.0,0.7300521782745554,0.5490436635808054,1.6789045179968314
Marker Pen,0.8790206137822532,0.6123959831276702,0.770785862361117,0.6137576555366948,0.7300521782745554,0.0,0.8895207334554058,0.9775163074288967
Spray,1.0698080638621017,0.6118634003352361,0.61143007261235,0.6877719414206513,0.5490436635808054,0.8895207334554058,0.0,0.7580788438543397
Umbrella,0.9072828130743397,0.947574406025164,0.5662261590171492,0.9901691717745997,1.6789045179968314,0.9775163074288967,0.7580788438543397,0.0
