,Laptop,Fridge,LED,Adapter,Motor,Hard Disk,Television,Induction Cooker
Laptop,0.0,0.7721783009261574,0.5767420288734835,0.4055313103477961,0.8844533234665424,0.3135204619369085,0.5589384375885947,1.4954165325946125
Fridge,0.7721783009261574,0.0,0.43533495692915114,1.0402958294429443,1.0277528139985503,1.0402425052511521,1.2710365629967488,0.633358300604256
LED,0.5767420288734835,0.43533495692915114,0.0,0.7347720272216269,0.5806548439157859,0.6088638698963431,0.45459610618728347,0.7814584973543256
Adapter,0.4055313103477961,1.0402958294429443,0.7347720272216269,0.0,0.6984360669813744,0.4802095409150138,0.9010646147685982,0.9630743561293035
Motor,0.8844533234665424,1.0277528139985503,0.5806548439157859,0.6984360669813744,0.0,0.742208271210127,0.4526123835001957,0.8353941319432382
Hard Disk,0.3135204619369085,1.0402425052511521,0.6088638698963431,0.4802095409150138,0.742208271210127,0.0,0.7343866374683452,0.674479439138854
Television,0.5589384375885947,1.2710365629967488,0.45459610618728347,0.9010646147685982,0.4526123835001957,0.7343866374683452,0.0,0.5470260859440357
Induction Cooker,1.4954165325946125,0.633358300604256,0.7814584973543256,0.9630743561293035,0.8353941319432382,0.674479439138854,0.5470260859440357,0.0
