,Shoes,Bed,Towel,Box,Wallet,Toothbrush,Briefcase,Umbrella
Shoes,0.0,0.6888803383666716,0.8341460482897977,0.8318653058605882,0.8887393033732252,0.8432063659732576,0.9645937666188701,0.4484935191045585
Bed,0.6888803383666716,0.0,0.9237483408913764,0.930256531191729,0.6834972663340877,0.9411470964826609,0.9998844928698876,0.6674259731326722
Towel,0.8341460482897977,0.9237483408913764,0.0,0.6484545421085656,0.929683767435865,0.4311020687442659,0.6507965029402342,1.6788737966321376
Box,0.8318653058605882,0.930256531191729,0.6484545421085656,0.0,1.0412238598291612,0.341728385528915,0.33690078458495576,0.6252786545317522
Wallet,0.8887393033732252,0.6834972663340877,0.929683767435865,1.0412238598291612,0.0,0.8927898151583693,0.3104198301224565,0.6710763016795943
Toothbrush,0.8432063659732576,0.9411470964826609,0.4311020687442659,0.341728385528915,0.8927898151583693,0.0,0.44558994046323613,0.6240827215931838
Briefcase,0.9645937666188701,0.9998844928698876,0.6507965029402342,0.33690078458495576,0.3104198301224565,0.44558994046323613,0.0,0.7321149765019981
Umbrella,0.4484935191045585,0.6674259731326722,1.6788737966321376,0.6252786545317522,0.6710763016795943,0.6240827215931838,0.7321149765019981,0.0
