,Slipper,Plate,Spray,Calender,Smartphone,Remote,Earphone,Microphone
Slipper,0.0,1.1597845419419657,1.0708365858286368,0.9677583715140476,0.9266178195335566,1.520564244269851,1.4684250621857562,1.203833828095376
Plate,1.1597845419419657,0.0,0.6139016623568092,1.1662317653268406,1.0599358064813367,1.1730224956760988,1.067481497652054,1.7728610298116116
Spray,1.0708365858286368,0.6139016623568092,0.0,0.9095523375809658,0.7893181121042373,1.2622526438370616,0.9792639970739594,1.3660552397187309
Calender,0.9677583715140476,1.1662317653268406,0.9095523375809658,0.0,1.217825949828484,1.7927243027213564,1.0712435592132654,1.3941407164994
Smartphone,0.9266178195335566,1.0599358064813367,0.7893181121042373,1.217825949828484,0.0,0.9527462639614769,0.35963248168474266,0.36560718622636335
Remote,1.520564244269851,1.1730224956760988,1.2622526438370616,1.7927243027213564,0.9527462639614769,0.0,0.7170584999995715,1.1983085662450832
Earphone,1.4684250621857562,1.067481497652054,0.9792639970739594,1.0712435592132654,0.35963248168474266,0.7170584999995715,0.0,0.38002664174020234
Microphone,1.203833828095376,1.7728610298116116,1.3660552397187309,1.3941407164994,0.36560718622636335,1.1983085662450832,0.38002664174020234,0.0
