,Keyboard,Projector,Motor,Monitor,Vending Machine,Heater,Television,Microwave
Keyboard,0.0,0.8165333666801298,0.816713754588553,0.6041671731217007,1.05686677145023,0.7344667680500858,0.583677502697011,1.2090031889867356
Projector,0.8165333666801298,0.0,0.5780522972373406,0.6850171560910544,1.0324910322537348,1.1348154733348295,0.27564286973054314,0.6907289751377648
Motor,0.816713754588553,0.5780522972373406,0.0,0.8028644968235067,0.3253875060608261,0.34427403689167396,0.4527109711182099,0.5897082052054934
Monitor,0.6041671731217007,0.6850171560910544,0.8028644968235067,0.0,1.0753183485897404,0.4825232329310014,0.2754952400757642,0.9234581668415766
Vending Machine,1.05686677145023,1.0324910322537348,0.3253875060608261,1.0753183485897404,0.0,0.9217701301612307,1.1675989450219193,0.5977236584757868
Heater,0.7344667680500858,1.1348154733348295,0.34427403689167396,0.4825232329310014,0.9217701301612307,0.0,0.6305769600904801,0.41036918415167445
Television,0.583677502697011,0.27564286973054314,0.4527109711182099,0.2754952400757642,1.1675989450219193,0.6305769600904801,0.0,1.0112990565906184
Microwave,1.2090031889867356,0.6907289751377648,0.5897082052054934,0.9234581668415766,0.5977236584757868,0.41036918415167445,1.0112990565906184,0.0
