,Mirror,Bottle,Marker Pen,Cup,Trash Bin,Tissue,Stamp,Scissors
Mirror,0.0,0.9568964071809735,0.554814629184474,0.7574681658897638,1.1698154330583346,0.9420556287251537,1.5905944454914405,0.6742264143447501
Bottle,0.9568964071809735,0.0,0.6124186328172584,0.2612477443194495,0.5883910505844347,0.3259145347750347,0.7746102854165001,1.4454705461150057
Marker Pen,0.554814629184474,0.6124186328172584,0.0,1.0254914849321506,0.9387739129113758,0.6676607661629151,0.41844398543936273,0.4224263227082904
Cup,0.7574681658897638,0.2612477443194495,1.0254914849321506,0.0,1.0185280216881516,0.4266966720451384,1.2183165989064282,1.3234024377724551
Trash Bin,1.1698154330583346,0.5883910505844347,0.9387739129113758,1.0185280216881516,0.0,0.974562747496385,0.7601671618098136,0.6254675276694956
Tissue,0.9420556287251537,0.3259145347750347,0.6676607661629151,0.4266966720451384,0.974562747496385,0.0,1.2590938644427563,0.6556145349236842
Stamp,1.5905944454914405,0.7746102854165001,0.41844398543936273,1.2183165989064282,0.7601671618098136,1.2590938644427563,0.0,0.4533785262838746
Scissors,0.6742264143447501,1.4454705461150057,0.4224263227082904,1.3234024377724551,0.6254675276694956,0.6556145349236842,0.4533785262838746,0.0
