,Shoes,Bed,Plate,Brush,Marker Pen,Stamp,Toothbrush,Chopsticks
Shoes,0.0,0.6888398539350109,0.905581323581346,1.4576084146204937,1.0534540878968486,0.9908346981806165,0.8430723860822101,1.6157454184602265
Bed,0.6888398539350109,0.0,1.1840888372421616,0.7127458892602225,1.1531686642718502,1.0476278302190158,0.9415075309307464,1.0102182601155976
Plate,0.905581323581346,1.1840888372421616,0.0,0.34628785942113555,0.7695142615175001,1.1905170319629048,0.6648523783606529,0.7347162772506337
Brush,1.4576084146204937,0.7127458892602225,0.34628785942113555,0.0,0.6114552195393332,0.6125397617322067,0.3608188460279193,0.6627296175779893
Marker Pen,1.0534540878968486,1.1531686642718502,0.7695142615175001,0.6114552195393332,0.0,0.41657459034372446,0.4859059819325176,0.5051865096273628
Stamp,0.9908346981806165,1.0476278302190158,1.1905170319629048,0.6125397617322067,0.41657459034372446,0.0,0.9876978437146611,0.7797685940409828
Toothbrush,0.8430723860822101,0.9415075309307464,0.6648523783606529,0.3608188460279193,0.4859059819325176,0.9876978437146611,0.0,0.39100802683862984
Chopsticks,1.6157454184602265,1.0102182601155976,0.7347162772506337,0.6627296175779893,0.5051865096273628,0.7797685940409828,0.39100802683862984,0.0
