,Air Conditioner,Fridge,Adapter,Projector,RAM,FLASH Memory,Microphone,Desktop
Air Conditioner,0.0,0.31945787792342273,0.8389502537566425,0.9631156302775297,0.7167935822121828,1.326487076867122,0.36834685563083613,0.6748043503997195
Fridge,0.31945787792342273,0.0,1.0403587058968862,0.5514219258157972,0.6693288928363085,1.2325056669479584,0.821243916152107,1.9335335872063135
Adapter,0.8389502537566425,1.0403587058968862,0.0,0.5498521212071783,0.5723625365688275,0.5985142475682241,0.7166827854938166,0.5521698351471871
Projector,0.9631156302775297,0.5514219258157972,0.5498521212071783,0.0,0.8691503797185621,0.6973147472521481,0.6727107588613823,0.6990752554131507
RAM,0.7167935822121828,0.6693288928363085,0.5723625365688275,0.8691503797185621,0.0,0.2609261090780258,0.6358513313325899,0.2726236334968743
FLASH Memory,1.326487076867122,1.2325056669479584,0.5985142475682241,0.6973147472521481,0.2609261090780258,0.0,0.6929198598766532,0.29746123472601504
Microphone,0.36834685563083613,0.821243916152107,0.7166827854938166,0.6727107588613823,0.6358513313325899,0.6929198598766532,0.0,3.747931866138322
Desktop,0.6748043503997195,1.9335335872063135,0.5521698351471871,0.6990752554131507,0.2726236334968743,0.29746123472601504,3.747931866138322,0.0
