,Slipper,Plate,Floor Sweeper,Spray,Wallet,Scissors,Glasses,Calender
Slipper,0.0,1.1596791948232184,0.5480648976143182,1.0710306689044637,0.5196949678249781,0.6788416848130157,1.0239724558252625,0.9675452566898327
Plate,1.1596791948232184,0.0,0.8170560462277525,0.6143382064192514,0.8793080140658744,0.5341516808974659,0.8588757937835884,1.165649115353902
Floor Sweeper,0.5480648976143182,0.8170560462277525,0.0,0.6272902628877333,0.8350776305611542,0.8815084541660277,0.6481291638435787,1.0315547528755231
Spray,1.0710306689044637,0.6143382064192514,0.6272902628877333,0.0,0.787278065214966,1.2440447100514753,0.763533317649945,0.9089230277151674
Wallet,0.5196949678249781,0.8793080140658744,0.8350776305611542,0.787278065214966,0.0,0.40179902806982565,0.8600797744427799,0.6594211182450298
Scissors,0.6788416848130157,0.5341516808974659,0.8815084541660277,1.2440447100514753,0.40179902806982565,0.0,1.3636832034814792,0.9315183757805787
Glasses,1.0239724558252625,0.8588757937835884,0.6481291638435787,0.763533317649945,0.8600797744427799,1.3636832034814792,0.0,1.6335903060970332
Calender,0.9675452566898327,1.165649115353902,1.0315547528755231,0.9089230277151674,0.6594211182450298,0.9315183757805787,1.6335903060970332,0.0
