,Slipper,Tissue,Glasses,Calender,RAM,FLASH Memory,Microphone,Desktop
Slipper,0.0,0.6843575760776073,1.018822259999097,0.9689569561111256,1.2176753388699195,3.137435278529683,1.20251882800578,1.183992009290503
Tissue,0.6843575760776073,0.0,0.9740554187501944,0.9828668783194433,1.1937213642543987,1.3674711495800624,0.8184390386884364,1.3761943744181304
Glasses,1.018822259999097,0.9740554187501944,0.0,1.6295565993603207,1.1875432561684744,0.9298174620461149,1.1302123090823364,1.262457735352273
Calender,0.9689569561111256,0.9828668783194433,1.6295565993603207,0.0,1.1825363107298874,0.8058729263719554,1.391103335031228,1.4695691962612318
RAM,1.2176753388699195,1.1937213642543987,1.1875432561684744,1.1825363107298874,0.0,0.26067471671645626,0.6354283599066602,0.27255812284150166
FLASH Memory,3.137435278529683,1.3674711495800624,0.9298174620461149,0.8058729263719554,0.26067471671645626,0.0,0.6927531055293498,0.2974259185207556
Microphone,1.20251882800578,0.8184390386884364,1.1302123090823364,1.391103335031228,0.6354283599066602,0.6927531055293498,0.0,3.7475570295040317
Desktop,1.183992009290503,1.3761943744181304,1.262457735352273,1.4695691962612318,0.27255812284150166,0.2974259185207556,3.7475570295040317,0.0
