,Mirror,Bottle,Cup,Tissue,Fridge,Keyboard,Earphone,Vending Machine
Mirror,0.0,0.9570178006203645,0.7571673777908134,0.9411616256500455,0.9391630296500654,0.7481459506092552,0.9083002438696994,1.3158026307932367
Bottle,0.9570178006203645,0.0,0.26159815277737064,0.3257707362548155,1.256273952261824,1.145164976404405,1.0440941319478845,0.62031766745675
Cup,0.7571673777908134,0.26159815277737064,0.0,0.4263087647468486,1.2182882058619977,1.290347858742074,0.880070607844085,0.7457839406503309
Tissue,0.9411616256500455,0.3257707362548155,0.4263087647468486,0.0,0.8778396414588808,1.1429003984706152,1.2954631127827572,0.822299122296331
Fridge,0.9391630296500654,1.256273952261824,1.2182882058619977,0.8778396414588808,0.0,1.1047956619704198,1.0178002594745632,0.58127749499765
Keyboard,0.7481459506092552,1.145164976404405,1.290347858742074,1.1429003984706152,1.1047956619704198,0.0,0.4568793514487784,1.057035546302304
Earphone,0.9083002438696994,1.0440941319478845,0.880070607844085,1.2954631127827572,1.0178002594745632,0.4568793514487784,0.0,0.9169397677835808
Vending Machine,1.3158026307932367,0.62031766745675,0.7457839406503309,0.822299122296331,0.58127749499765,1.057035546302304,0.9169397677835808,0.0
