,Bottle,Brush,Marker Pen,Trash Bin,Spray,Tissue,Calender,Umbrella
Bottle,0.0,1.6316991214201833,0.6205659408291934,0.6007534162070133,0.6140814621831854,0.3435743489039182,1.2755868223864995,3.0345762033318855
Brush,1.6316991214201833,0.0,0.6935494320868183,1.245672532389229,0.6938275737341906,0.7091908040624524,1.030447779017645,1.0403332820209878
Marker Pen,0.6205659408291934,0.6935494320868183,0.0,0.855908155870856,0.9350204928677889,0.5953838085206188,0.5795681821484714,0.9706365055858049
Trash Bin,0.6007534162070133,1.245672532389229,0.855908155870856,0.0,1.304224107997896,1.0126551527902086,1.185702978216635,0.46285681757106906
Spray,0.6140814621831854,0.6938275737341906,0.9350204928677889,1.304224107997896,0.0,0.2921629463712179,0.9366419301054001,0.7929287359067068
Tissue,0.3435743489039182,0.7091908040624524,0.5953838085206188,1.0126551527902086,0.2921629463712179,0.0,1.0025582197724383,1.0408917736759185
Calender,1.2755868223864995,1.030447779017645,0.5795681821484714,1.185702978216635,0.9366419301054001,1.0025582197724383,0.0,0.9226320749819132
Umbrella,3.0345762033318855,1.0403332820209878,0.9706365055858049,0.46285681757106906,0.7929287359067068,1.0408917736759185,0.9226320749819132,0.0
