,Remote,Fridge,LED,Heat Sink,FLASH Memory,Monitor,Heater,Induction Cooker
Remote,0.0,0.7257078312798318,0.45358998015373314,0.7143788480076645,1.0036591766259042,0.5709910689428189,0.7218568992461143,0.8431581940825704
Fridge,0.7257078312798318,0.0,0.4265730850629315,0.6219861136722901,1.211642461379299,1.0590614172532737,0.7665389729158569,0.6360655006570125
LED,0.45358998015373314,0.4265730850629315,0.0,0.6942635960291921,0.8561797066313585,0.6408738037776675,0.7945637075391733,0.590011973784297
Heat Sink,0.7143788480076645,0.6219861136722901,0.6942635960291921,0.0,0.7012600933761471,0.4875174724823003,0.3299299115771204,0.5120657597834493
FLASH Memory,1.0036591766259042,1.211642461379299,0.8561797066313585,0.7012600933761471,0.0,0.3868453965644218,1.0452179772456336,1.033565316520639
Monitor,0.5709910689428189,1.0590614172532737,0.6408738037776675,0.4875174724823003,0.3868453965644218,0.0,0.4399575434966597,0.5509622381558105
Heater,0.7218568992461143,0.7665389729158569,0.7945637075391733,0.3299299115771204,1.0452179772456336,0.4399575434966597,0.0,1.185845888452833
Induction Cooker,0.8431581940825704,0.6360655006570125,0.590011973784297,0.5120657597834493,1.033565316520639,0.5509622381558105,1.185845888452833,0.0
