,Switch,Remote,Fridge,Cable,Earphone,RAM,Microphone,Television
Switch,0.0,0.4326411546291985,0.3821246720310818,0.5514969669855712,1.3308685963656122,0.8000820945613735,0.4863299134860112,0.43269438314302666
Remote,0.4326411546291985,0.0,0.7250732470756038,0.8572346064763318,0.696979869877279,0.8555220765915266,1.262473462354307,0.2657919832221326
Fridge,0.3821246720310818,0.7250732470756038,0.0,0.5599837160073647,1.2319123751717886,0.6639271078128915,0.8322540532951882,1.1687012475062362
Cable,0.5514969669855712,0.8572346064763318,0.5599837160073647,0.0,0.4482332220977726,0.6213215785169282,0.5508693418870686,0.5514026001773474
Earphone,1.3308685963656122,0.696979869877279,1.2319123751717886,0.4482332220977726,0.0,0.73735437673841,0.41414068784089486,0.42959488245763877
RAM,0.8000820945613735,0.8555220765915266,0.6639271078128915,0.6213215785169282,0.73735437673841,0.0,0.6320921879897728,0.5453730547131426
Microphone,0.4863299134860112,1.262473462354307,0.8322540532951882,0.5508693418870686,0.41414068784089486,0.6320921879897728,0.0,0.7790844966317387
Television,0.43269438314302666,0.2657919832221326,1.1687012475062362,0.5514026001773474,0.42959488245763877,0.5453730547131426,0.7790844966317387,0.0
