,Mirror,Bottle,Key Chain,Glasses,Laptop,Motor,Microwave,Rice Cooker
Mirror,0.0,0.9595417975177327,0.8057371583519152,0.36997479673045686,1.2111301722253882,1.5861165875760417,0.999711286984012,1.17105582619311
Bottle,0.9595417975177327,0.0,0.6464237057838079,0.5717188329324296,1.1175341817602753,1.194798511986093,1.3286427491309758,1.0514917288412546
Key Chain,0.8057371583519152,0.6464237057838079,0.0,0.5315197460977119,0.9377574552946674,1.3393204503964453,0.918374733696128,1.3631416893996777
Glasses,0.36997479673045686,0.5717188329324296,0.5315197460977119,0.0,0.5705613508080339,1.3291384727237365,1.0733936967998143,1.6978144680008995
Laptop,1.2111301722253882,1.1175341817602753,0.9377574552946674,0.5705613508080339,0.0,1.047749414738502,0.7358564229437606,1.238020129636167
Motor,1.5861165875760417,1.194798511986093,1.3393204503964453,1.3291384727237365,1.047749414738502,0.0,0.9916066699194515,0.6647255799259896
Microwave,0.999711286984012,1.3286427491309758,0.918374733696128,1.0733936967998143,0.7358564229437606,0.9916066699194515,0.0,0.3970221700350352
Rice Cooker,1.17105582619311,1.0514917288412546,1.3631416893996777,1.6978144680008995,1.238020129636167,0.6647255799259896,0.3970221700350352,0.0
