,Shoes,Slipper,Teapot,Wallet,Switch,Mouse,Heater,Microwave
Shoes,0.0,0.2813354833512987,1.150780564676376,0.6906252740425668,1.5019424876331304,1.2665988256755658,1.3811761273516456,1.5692838514881737
Slipper,0.2813354833512987,0.0,0.9692202830710586,0.5239863801804822,1.0122726700115317,1.2458309688541531,0.8701503324622697,1.6740606013694328
Teapot,1.150780564676376,0.9692202830710586,0.0,1.2405022386851403,0.6716726755562831,0.9434797923236814,1.0051920027210008,1.2084187616752637
Wallet,0.6906252740425668,0.5239863801804822,1.2405022386851403,0.0,0.32823499675903395,1.1657520517059985,1.2176935563618052,1.6524953747160247
Switch,1.5019424876331304,1.0122726700115317,0.6716726755562831,0.32823499675903395,0.0,0.5706077057403189,0.512647891214374,0.6823278798838727
Mouse,1.2665988256755658,1.2458309688541531,0.9434797923236814,1.1657520517059985,0.5706077057403189,0.0,0.8218118584627645,0.745247862230202
Heater,1.3811761273516456,0.8701503324622697,1.0051920027210008,1.2176935563618052,0.512647891214374,0.8218118584627645,0.0,0.44486421682566246
Microwave,1.5692838514881737,1.6740606013694328,1.2084187616752637,1.6524953747160247,0.6823278798838727,0.745247862230202,0.44486421682566246,0.0
