,Switch,Smoke detector,Mouse,Cable,FLASH Memory,Heater,Calculator,Microwave
Switch,0.0,0.614509673059914,0.5698288446966681,0.55281113335079,0.9364731068591833,0.510694193583406,0.859327946830894,0.6807376309015346
Smoke detector,0.614509673059914,0.0,0.9909344084570848,0.5026241009073524,0.4528737659190567,0.6387860236815329,0.5051734113110037,0.8465522964994519
Mouse,0.5698288446966681,0.9909344084570848,0.0,0.43567937096960485,0.3933905228722399,0.8229084551031942,0.2689770907726429,0.7421583712275542
Cable,0.55281113335079,0.5026241009073524,0.43567937096960485,0.0,1.2996133296861219,0.434159338960766,0.7332236828208475,0.44810451912322896
FLASH Memory,0.9364731068591833,0.4528737659190567,0.3933905228722399,1.2996133296861219,0.0,1.047300677451508,0.6083922318788305,0.7760171954004171
Heater,0.510694193583406,0.6387860236815329,0.8229084551031942,0.434159338960766,1.047300677451508,0.0,0.6111184094767843,0.44495448635712836
Calculator,0.859327946830894,0.5051734113110037,0.2689770907726429,0.7332236828208475,0.6083922318788305,0.6111184094767843,0.0,0.6593531248592812
Microwave,0.6807376309015346,0.8465522964994519,0.7421583712275542,0.44810451912322896,0.7760171954004171,0.44495448635712836,0.6593531248592812,0.0
