,Shoes,Slipper,Bed,Floor Sweeper,Teapot,Spray,Wallet,Chopsticks
Shoes,0.0,0.27829127905210266,0.7053101760640309,0.5294277292285463,1.160301047155472,1.0565505565425835,0.690565032462191,2.1148789336443925
Slipper,0.27829127905210266,0.0,0.44719546305843083,0.5604252089832997,0.969020412154996,1.0621168636084917,0.5253034003938434,1.027221990120544
Bed,0.7053101760640309,0.44719546305843083,0.0,2.045060307893398,0.9691497989753863,0.6053382374836591,0.6898141519651332,0.9878093524007705
Floor Sweeper,0.5294277292285463,0.5604252089832997,2.045060307893398,0.0,0.7489667328584001,0.630464965796276,0.8316109713778944,1.1325087511108527
Teapot,1.160301047155472,0.969020412154996,0.9691497989753863,0.7489667328584001,0.0,0.8041120017407111,1.2448241311702297,0.518483291271426
Spray,1.0565505565425835,1.0621168636084917,0.6053382374836591,0.630464965796276,0.8041120017407111,0.0,1.4223503188874589,0.5714410698487346
Wallet,0.690565032462191,0.5253034003938434,0.6898141519651332,0.8316109713778944,1.2448241311702297,1.4223503188874589,0.0,0.7201341524928884
Chopsticks,2.1148789336443925,1.027221990120544,0.9878093524007705,1.1325087511108527,0.518483291271426,0.5714410698487346,0.7201341524928884,0.0
