,Bottle,Towel,Water Bottle,Key Chain,Whiteboard,Marker Pen,Toothbrush,Calender
Bottle,0.0,0.759558649794155,0.2858122400729141,0.6463257703110231,1.0516268935581827,0.6199967068911808,0.8107515336416349,1.2782963961461145
Towel,0.759558649794155,0.0,0.8684011822819578,0.8598223101499444,1.1848220965743586,0.7267009657261198,0.4227590122119324,0.8562018549305065
Water Bottle,0.2858122400729141,0.8684011822819578,0.0,0.7071975917289628,1.5005667058699546,0.8617543764137633,0.47891470919171936,1.0638649473733999
Key Chain,0.6463257703110231,0.8598223101499444,0.7071975917289628,0.0,0.9383542651536027,1.0577676095473272,1.3978391205496319,0.8019550001140583
Whiteboard,1.0516268935581827,1.1848220965743586,1.5005667058699546,0.9383542651536027,0.0,0.32574265983349027,0.9442457531926275,0.4154142006169248
Marker Pen,0.6199967068911808,0.7267009657261198,0.8617543764137633,1.0577676095473272,0.32574265983349027,0.0,0.6006083409508939,0.5790718110913223
Toothbrush,0.8107515336416349,0.4227590122119324,0.47891470919171936,1.3978391205496319,0.9442457531926275,0.6006083409508939,0.0,0.6758393983646794
Calender,1.2782963961461145,0.8562018549305065,1.0638649473733999,0.8019550001140583,0.4154142006169248,0.5790718110913223,0.6758393983646794,0.0
