,Slipper,Marker Pen,Scissors,Toothbrush,Switch,Remote,Earphone,RAM
Slipper,0.0,0.927820198637148,0.6688766152061543,0.570821368004918,1.0009242988952065,0.682520092616051,1.606008682485029,1.215166327362516
Marker Pen,0.927820198637148,0.0,0.3911270448463016,0.5996541958721399,0.9097824489651468,1.3988219065835001,1.2797735148185803,1.1870289160575218
Scissors,0.6688766152061543,0.3911270448463016,0.0,0.6147144556297934,1.2895553833432998,1.5874617989236166,1.0861450831319377,1.1484060010862613
Toothbrush,0.570821368004918,0.5996541958721399,0.6147144556297934,0.0,1.1665949742762842,1.1834138706039148,1.058578021825752,1.35493683406773
Switch,1.0009242988952065,0.9097824489651468,1.2895553833432998,1.1665949742762842,0.0,0.4326584841240671,1.3312879794010064,0.8004990493011237
Remote,0.682520092616051,1.3988219065835001,1.5874617989236166,1.1834138706039148,0.4326584841240671,0.0,0.6967199615410569,0.855614430060974
Earphone,1.606008682485029,1.2797735148185803,1.0861450831319377,1.058578021825752,1.3312879794010064,0.6967199615410569,0.0,0.7384102775438256
RAM,1.215166327362516,1.1870289160575218,1.1484060010862613,1.35493683406773,0.8004990493011237,0.855614430060974,0.7384102775438256,0.0
