,Bag,Rubber,Water Bottle,Glasses,Smartphone,Mouse,Heat Sink,Desktop
Bag,0.0,0.6705404855581991,0.606393152924752,0.3706695417261583,0.21109168411529008,0.7256834355554632,1.2118326302935958,1.4791061427962646
Rubber,0.6705404855581991,0.0,1.0137182996248761,0.7632681079149269,1.0748871467567238,1.1502400505602168,1.2174935780658285,1.7889240953919847
Water Bottle,0.606393152924752,1.0137182996248761,0.0,0.43694303610160257,1.1104460310723236,1.3407819714632903,0.45372220580302797,1.5054946919616743
Glasses,0.3706695417261583,0.7632681079149269,0.43694303610160257,0.0,0.6357421895854952,0.9953733753818174,0.9482513891346404,1.031205205816796
Smartphone,0.21109168411529008,1.0748871467567238,1.1104460310723236,0.6357421895854952,0.0,0.8475367072526234,1.7373442838676325,0.45850950878595237
Mouse,0.7256834355554632,1.1502400505602168,1.3407819714632903,0.9953733753818174,0.8475367072526234,0.0,1.2081567545075245,1.0789563735482777
Heat Sink,1.2118326302935958,1.2174935780658285,0.45372220580302797,0.9482513891346404,1.7373442838676325,1.2081567545075245,0.0,0.6369073346984497
Desktop,1.4791061427962646,1.7889240953919847,1.5054946919616743,1.031205205816796,0.45850950878595237,1.0789563735482777,0.6369073346984497,0.0
