,Shoes,Mirror,Towel,Tape,Box,Cup,Stamp,Umbrella
Shoes,0.0,0.9087254150274306,0.7835732253020049,0.707793200940149,0.813185482197038,1.1701159751545647,0.9749176164428008,0.3565547749322979
Mirror,0.9087254150274306,0.0,1.0573084685935725,1.0311691324781425,1.313100116281473,1.0151930414544679,1.6751928088818515,0.5890998028558142
Towel,0.7835732253020049,1.0573084685935725,0.0,0.7972688461180778,0.64435444609624,0.7242405309309364,0.6991537209094421,2.1598009705367596
Tape,0.707793200940149,1.0311691324781425,0.7972688461180778,0.0,0.6475429255690304,0.7900908140490397,0.6070214775919934,0.9906054749484148
Box,0.813185482197038,1.313100116281473,0.64435444609624,0.6475429255690304,0.0,0.5591089047912371,0.6897252851802844,0.6388382641880025
Cup,1.1701159751545647,1.0151930414544679,0.7242405309309364,0.7900908140490397,0.5591089047912371,0.0,1.0430349528568077,1.4675125043494592
Stamp,0.9749176164428008,1.6751928088818515,0.6991537209094421,0.6070214775919934,0.6897252851802844,1.0430349528568077,0.0,1.0139841020369873
Umbrella,0.3565547749322979,0.5890998028558142,2.1598009705367596,0.9906054749484148,0.6388382641880025,1.4675125043494592,1.0139841020369873,0.0
