,Laptop,Cable,Heat Sink,Motor,Camera,Calculator,Microwave,Rice Cooker
Laptop,0.0,0.5460512421329277,0.925867068801883,1.0445593017010661,0.5747658512948964,0.445754558412863,0.7330803929255196,1.2375769050562664
Cable,0.5460512421329277,0.0,0.35577070507668324,0.34576172381356524,11.850438871871834,0.7323028161931957,0.4478303004951157,0.38167621742472596
Heat Sink,0.925867068801883,0.35577070507668324,0.0,1.002023685432185,0.9005163863664746,1.3516754558050854,0.478247551204338,0.4832128586280357
Motor,1.0445593017010661,0.34576172381356524,1.002023685432185,0.0,1.1094971886442178,1.1354462250083561,0.9899757864415552,0.6595957322219718
Camera,0.5747658512948964,11.850438871871834,0.9005163863664746,1.1094971886442178,0.0,0.5060976600454281,1.1750432444593977,1.1865795462819622
Calculator,0.445754558412863,0.7323028161931957,1.3516754558050854,1.1354462250083561,0.5060976600454281,0.0,0.660377934505025,1.2936928812681256
Microwave,0.7330803929255196,0.4478303004951157,0.478247551204338,0.9899757864415552,1.1750432444593977,0.660377934505025,0.0,0.3966527519493291
Rice Cooker,1.2375769050562664,0.38167621742472596,0.4832128586280357,0.6595957322219718,1.1865795462819622,1.2936928812681256,0.3966527519493291,0.0
