,Laptop,Air Conditioner,Mouse,Cable,Microphone,Desktop,Microwave,Induction Cooker
Laptop,0.0,0.7578515520985177,0.7367568584787613,0.5472299722382988,0.5122388459217893,0.33349763760350987,0.7359757330681455,1.1725094827031828
Air Conditioner,0.7578515520985177,0.0,0.5301240042350752,0.3824204241646187,0.36799769230051904,0.6711978504514555,0.5592114233890738,0.6967596424321307
Mouse,0.7367568584787613,0.5301240042350752,0.0,0.4362492328453509,0.7013175475737449,1.0789765271370115,0.743675802598974,1.1297591958216047
Cable,0.5472299722382988,0.3824204241646187,0.4362492328453509,0.0,0.554193699666222,0.40808742466396725,0.4483390330414318,0.3657924205860391
Microphone,0.5122388459217893,0.36799769230051904,0.7013175475737449,0.554193699666222,0.0,3.2104907195991044,0.8900498935200833,0.7468978767202133
Desktop,0.33349763760350987,0.6711978504514555,1.0789765271370115,0.40808742466396725,3.2104907195991044,0.0,0.9095484613208306,0.6962922117738537
Microwave,0.7359757330681455,0.5592114233890738,0.743675802598974,0.4483390330414318,0.8900498935200833,0.9095484613208306,0.0,0.41904003046873595
Induction Cooker,1.1725094827031828,0.6967596424321307,1.1297591958216047,0.3657924205860391,0.7468978767202133,0.6962922117738537,0.41904003046873595,0.0
