,Bag,Slipper,Rubber,Whiteboard,Marker Pen,Scissors,Toothbrush,Briefcase
Bag,0.0,0.7534673367240088,0.6675255143383007,1.0429235040318052,0.36856269438651723,0.6475215434244672,0.4964777593530251,0.29821554022697705
Slipper,0.7534673367240088,0.0,0.90437304886163,1.7889519255648052,0.926961860348008,0.668749806633292,0.571157688307053,1.135973541095994
Rubber,0.6675255143383007,0.90437304886163,0.0,0.6558610050370101,0.9018344664670539,0.5999404517730408,0.5018868185572254,1.0115362486692108
Whiteboard,1.0429235040318052,1.7889519255648052,0.6558610050370101,0.0,0.32516241256933487,0.7640897906794156,0.9461755867861569,0.7978152387899858
Marker Pen,0.36856269438651723,0.926961860348008,0.9018344664670539,0.32516241256933487,0.0,0.3912280963903499,0.5993402473321305,0.597681976214796
Scissors,0.6475215434244672,0.668749806633292,0.5999404517730408,0.7640897906794156,0.3912280963903499,0.0,0.6147942074074826,0.9641583458373871
Toothbrush,0.4964777593530251,0.571157688307053,0.5018868185572254,0.9461755867861569,0.5993402473321305,0.6147942074074826,0.0,0.3701473293832401
Briefcase,0.29821554022697705,1.135973541095994,1.0115362486692108,0.7978152387899858,0.597681976214796,0.9641583458373871,0.3701473293832401,0.0
