,Remote,Air Conditioner,Mouse,Earphone,Battery,Camera,Printer,Induction Cooker
Remote,0.0,0.2861363753080362,0.8691293210787276,0.6964648410275075,12.092404797094607,0.8233097996458812,0.9566201672427704,0.8431237441992128
Air Conditioner,0.2861363753080362,0.0,0.5312959666309796,1.4401879574770908,0.62567614836087,1.2212292704778016,0.691002072896989,0.6960781968167311
Mouse,0.8691293210787276,0.5312959666309796,0.0,0.8675174552200862,0.7007651456661349,0.9139539254076299,0.5821473651075468,1.1340711672234924
Earphone,0.6964648410275075,1.4401879574770908,0.8675174552200862,0.0,0.8741867756166143,0.5883424794765045,0.7365537397138822,2.1800669461554634
Battery,12.092404797094607,0.62567614836087,0.7007651456661349,0.8741867756166143,0.0,0.27280738126401305,0.5298938006773765,0.7154048324603101
Camera,0.8233097996458812,1.2212292704778016,0.9139539254076299,0.5883424794765045,0.27280738126401305,0.0,0.6533595370926819,0.6301316562361545
Printer,0.9566201672427704,0.691002072896989,0.5821473651075468,0.7365537397138822,0.5298938006773765,0.6533595370926819,0.0,1.7023103465140967
Induction Cooker,0.8431237441992128,0.6960781968167311,1.1340711672234924,2.1800669461554634,0.7154048324603101,0.6301316562361545,1.7023103465140967,0.0
