,Bottle,Brush,Sketch Pen,Key Chain,Tape,Trash Bin,Toothbrush,Briefcase
Bottle,0.0,1.625404382618945,0.5221934883126432,0.6460224263530626,0.8100644926520795,0.6002634803806941,0.8108817304515251,0.5818779227802396
Brush,1.625404382618945,0.0,0.7977645483758985,0.6331385141129197,0.6692655423983822,1.243210273983392,0.3508752895697076,0.5089221508655576
Sketch Pen,0.5221934883126432,0.7977645483758985,0.0,0.7198844248855856,0.7249343153750459,1.1110383872770422,0.6550160016023541,0.5978006892428757
Key Chain,0.6460224263530626,0.6331385141129197,0.7198844248855856,0.0,0.5820463312996902,1.0674229943616416,1.3954519427535494,0.31383710943451765
Tape,0.8100644926520795,0.6692655423983822,0.7249343153750459,0.5820463312996902,0.0,0.680076678885724,0.7103673372509928,0.7564031144389447
Trash Bin,0.6002634803806941,1.243210273983392,1.1110383872770422,1.0674229943616416,0.680076678885724,0.0,0.9574793624240766,1.2002316121581615
Toothbrush,0.8108817304515251,0.3508752895697076,0.6550160016023541,1.3954519427535494,0.7103673372509928,0.9574793624240766,0.0,0.3700613838624265
Briefcase,0.5818779227802396,0.5089221508655576,0.5978006892428757,0.31383710943451765,0.7564031144389447,1.2002316121581615,0.3700613838624265,0.0
