,Towel,Box,Stamp,Umbrella,Switch,Air Conditioner,Smoke detector,Rice Cooker
Towel,0.0,0.6444174550693074,0.7018636914052269,2.1603911685959187,1.1220014091476311,2.5660823763786,1.4499779575477103,0.9293769521273451
Box,0.6444174550693074,0.0,0.6901637481642016,0.6389148050057999,1.0632664497743187,1.375460751325609,1.694460351769113,0.9820576124473087
Stamp,0.7018636914052269,0.6901637481642016,0.0,1.0123503256188178,1.0437717532807265,1.119051659554274,1.1536856957603916,1.787672185611339
Umbrella,2.1603911685959187,0.6389148050057999,1.0123503256188178,0.0,0.9616025029155241,1.285987635914125,1.4516743998727069,1.6706922682082983
Switch,1.1220014091476311,1.0632664497743187,1.0437717532807265,0.9616025029155241,0.0,0.5031024397644169,0.6149705481388875,1.1225157738245934
Air Conditioner,2.5660823763786,1.375460751325609,1.119051659554274,1.285987635914125,0.5031024397644169,0.0,0.6020117972213641,0.7430224064372671
Smoke detector,1.4499779575477103,1.694460351769113,1.1536856957603916,1.4516743998727069,0.6149705481388875,0.6020117972213641,0.0,1.1164122796776088
Rice Cooker,0.9293769521273451,0.9820576124473087,1.787672185611339,1.6706922682082983,1.1225157738245934,0.7430224064372671,1.1164122796776088,0.0
