,Bottle,Brush,Trash Bin,Tissue,Laptop,Air Conditioner,Desktop,Microwave
Bottle,0.0,1.630412920536835,0.600592159999704,0.3434773348684525,1.1176686092846897,1.0383375266407455,1.2923937275451733,1.3286554201160508
Brush,1.630412920536835,0.0,1.2452189605077741,0.7091356001989797,0.2931263212558934,1.3806003874183645,2.4045581979063413,2.6467603921142078
Trash Bin,0.600592159999704,1.2452189605077741,0.0,1.0130188958698265,1.414961151312103,1.1530861861712118,1.1468829311019824,1.736680423840001
Tissue,0.3434773348684525,0.7091356001989797,1.0130188958698265,0.0,1.2496950432627003,1.3497353265087597,1.2979566011040087,1.2760740073553019
Laptop,1.1176686092846897,0.2931263212558934,1.414961151312103,1.2496950432627003,0.0,0.7577061590768952,0.3335901229193713,0.7359601163781541
Air Conditioner,1.0383375266407455,1.3806003874183645,1.1530861861712118,1.3497353265087597,0.7577061590768952,0.0,0.671017445342897,0.5591904248764384
Desktop,1.2923937275451733,2.4045581979063413,1.1468829311019824,1.2979566011040087,0.3335901229193713,0.671017445342897,0.0,0.9094237250417524
Microwave,1.3286554201160508,2.6467603921142078,1.736680423840001,1.2760740073553019,0.7359601163781541,0.5591904248764384,0.9094237250417524,0.0
