,Mirror,Water Bottle,Scissors,Remote,Air Conditioner,LED,Heat Sink,Camera
Mirror,0.0,1.0952634949853004,0.5389918616395413,0.9706077035397246,1.0420830948692497,1.79914052090284,1.3120025302626253,1.1137540976110383
Water Bottle,1.0952634949853004,0.0,1.28476938836986,0.7606768151831488,0.8207315211204884,0.9844850475412681,0.9998972287929749,1.0000446951618789
Scissors,0.5389918616395413,1.28476938836986,0.0,0.7468962740529583,1.218837685177719,1.0000533686341122,1.249391878146876,0.8782607227704259
Remote,0.9706077035397246,0.7606768151831488,0.7468962740529583,0.0,0.25700861389009294,0.4524096367985744,0.9099586232736464,0.5927360188822363
Air Conditioner,1.0420830948692497,0.8207315211204884,1.218837685177719,0.25700861389009294,0.0,1.0235173194641998,1.149084116188559,1.0000467337783034
LED,1.79914052090284,0.9844850475412681,1.0000533686341122,0.4524096367985744,1.0235173194641998,0.0,1.0000999257254344,0.6379472770603368
Heat Sink,1.3120025302626253,0.9998972287929749,1.249391878146876,0.9099586232736464,1.149084116188559,1.0000999257254344,0.0,0.3364407654944075
Camera,1.1137540976110383,1.0000446951618789,0.8782607227704259,0.5927360188822363,1.0000467337783034,0.6379472770603368,0.3364407654944075,0.0
