,Whiteboard,Marker Pen,Chopsticks,Earphone,Motor,RAM,Camera,Television
Whiteboard,0.0,0.27520208790012424,0.9901279416286534,1.296702900513102,1.348221936376693,1.4247624928501186,1.1709654905531657,0.873475289890632
Marker Pen,0.27520208790012424,0.0,0.5568969801729733,1.291122620707431,1.3934475253343572,1.045666402573407,0.675730702979503,1.4389575964450623
Chopsticks,0.9901279416286534,0.5568969801729733,0.0,0.9611988933145574,1.2461183592313647,0.9999878008900981,1.026624049076236,1.035847918419299
Earphone,1.296702900513102,1.291122620707431,0.9611988933145574,0.0,0.626400671036455,0.8192788011324401,0.5870508040730726,0.3939309223448717
Motor,1.348221936376693,1.3934475253343572,1.2461183592313647,0.626400671036455,0.0,0.9270441607119825,1.1125355641849042,1.0001301000523861
RAM,1.4247624928501186,1.045666402573407,0.9999878008900981,0.8192788011324401,0.9270441607119825,0.0,0.6478147603302734,0.594770117863919
Camera,1.1709654905531657,0.675730702979503,1.026624049076236,0.5870508040730726,1.1125355641849042,0.6478147603302734,0.0,0.7457371784158594
Television,0.873475289890632,1.4389575964450623,1.035847918419299,0.3939309223448717,1.0001301000523861,0.594770117863919,0.7457371784158594,0.0
