,Plate,Key Chain,Whiteboard,Spray,Stamp,Keyboard,Adapter,Heat Sink
Plate,0.0,0.9179208236398878,0.9519139827901931,0.6764650235040108,1.065642525582593,1.0462734837503807,0.9999663537622615,1.0027275124650812
Key Chain,0.9179208236398878,0.0,0.9018819387964926,1.2778822622960653,1.0012962175635787,1.1672115081407382,0.9963214206730735,1.2320700712489108
Whiteboard,0.9519139827901931,0.9018819387964926,0.0,0.8211762333953105,0.9999489487389288,1.0504362212558436,0.9999381409795647,1.0050367632024322
Spray,0.6764650235040108,1.2778822622960653,0.8211762333953105,0.0,0.7639595707091205,0.9959483849138776,0.9709796503121594,1.1324651957784586
Stamp,1.065642525582593,1.0012962175635787,0.9999489487389288,0.7639595707091205,0.0,1.000005367635676,0.9439591377762238,1.2944526773836762
Keyboard,1.0462734837503807,1.1672115081407382,1.0504362212558436,0.9959483849138776,1.000005367635676,0.0,0.4224055760753431,1.0000356813142466
Adapter,0.9999663537622615,0.9963214206730735,0.9999381409795647,0.9709796503121594,0.9439591377762238,0.4224055760753431,0.0,1.0507092088436227
Heat Sink,1.0027275124650812,1.2320700712489108,1.0050367632024322,1.1324651957784586,1.2944526773836762,1.0000356813142466,1.0507092088436227,0.0
