,Mirror,Brush,Water Bottle,Marker Pen,Air Conditioner,FLASH Memory,Calculator,Desktop
Mirror,0.0,0.9972382248244267,1.0295170496683836,0.801825268799119,1.2276537871461743,1.4310617008160396,0.894056257880255,1.608805536056882
Brush,0.9972382248244267,0.0,0.874619984603541,0.6128001348874252,1.374743333852664,1.268639327938015,1.0904629493088263,1.3055267109770352
Water Bottle,1.0295170496683836,0.874619984603541,0.0,0.9255605338573311,0.9673521961531316,0.783347581152092,1.0035789425714001,1.7232743441844596
Marker Pen,0.801825268799119,0.6128001348874252,0.9255605338573311,0.0,1.0778268955663433,1.3340371503608084,1.277704137460492,1.468365196337437
Air Conditioner,1.2276537871461743,1.374743333852664,0.9673521961531316,1.0778268955663433,0.0,1.355024179394721,1.0765542130972028,0.6775857103739146
FLASH Memory,1.4310617008160396,1.268639327938015,0.783347581152092,1.3340371503608084,1.355024179394721,0.0,0.5726489734369735,0.30038125514294284
Calculator,0.894056257880255,1.0904629493088263,1.0035789425714001,1.277704137460492,1.0765542130972028,0.5726489734369735,0.0,0.6250090118640533
Desktop,1.608805536056882,1.3055267109770352,1.7232743441844596,1.468365196337437,0.6775857103739146,0.30038125514294284,0.6250090118640533,0.0
