,Laptop,Smoke detector,Mouse,Projector,Motor,FLASH Memory,Hard Disk,Monitor
Laptop,0.0,1.037252300563599,0.6432002514023071,0.892222463718382,0.8947343091771068,0.34577198725024283,0.2933770423449892,0.4481180341370404
Smoke detector,1.037252300563599,0.0,0.9793505032823685,0.6417421403551861,0.6650480916563969,0.3808813309040003,0.9677961545471327,0.8727290618148311
Mouse,0.6432002514023071,0.9793505032823685,0.0,0.9350612892628613,0.7356481152451023,0.38628006430289286,0.6591453365168639,0.9208414778072264
Projector,0.892222463718382,0.6417421403551861,0.9350612892628613,0.0,0.5963041102828719,0.6787098518060326,0.8484309529083578,0.6701590659718498
Motor,0.8947343091771068,0.6650480916563969,0.7356481152451023,0.5963041102828719,0.0,0.9274383589023119,0.7339720505118366,0.8082072474388714
FLASH Memory,0.34577198725024283,0.3808813309040003,0.38628006430289286,0.6787098518060326,0.9274383589023119,0.0,0.3158334295283474,1.3907270292142708
Hard Disk,0.2933770423449892,0.9677961545471327,0.6591453365168639,0.8484309529083578,0.7339720505118366,0.3158334295283474,0.0,0.6745615368381845
Monitor,0.4481180341370404,0.8727290618148311,0.9208414778072264,0.6701590659718498,0.8082072474388714,1.3907270292142708,0.6745615368381845,0.0
