,Slipper,Bottle,Key Chain,Floor Sweeper,Teapot,Spray,Toothbrush,Glasses
Slipper,0.0,1.1445885533656426,1.3293174887546406,0.5408886904818094,0.9655933621041201,1.0875177754144236,0.6039728880950869,1.0014640070148406
Bottle,1.1445885533656426,0.0,0.6458933095971573,0.8367901712517968,0.3638899777049007,0.6159546811467127,0.7498566616457395,0.5574524207236142
Key Chain,1.3293174887546406,0.6458933095971573,0.0,0.9839530876489266,0.6215673824404571,1.3631625707006882,0.7745393248069077,0.39450561773778436
Floor Sweeper,0.5408886904818094,0.8367901712517968,0.9839530876489266,0.0,0.741826586294767,0.6306679982962202,0.5924562374307765,0.6518853309736189
Teapot,0.9655933621041201,0.3638899777049007,0.6215673824404571,0.741826586294767,0.0,0.9659494558605741,0.676417971166658,0.8967817593704491
Spray,1.0875177754144236,0.6159546811467127,1.3631625707006882,0.6306679982962202,0.9659494558605741,0.0,1.0833597001600697,0.7717059715627882
Toothbrush,0.6039728880950869,0.7498566616457395,0.7745393248069077,0.5924562374307765,0.676417971166658,1.0833597001600697,0.0,1.02190636136622
Glasses,1.0014640070148406,0.5574524207236142,0.39450561773778436,0.6518853309736189,0.8967817593704491,0.7717059715627882,1.02190636136622,0.0
