,Bag,Mirror,Plate,Rubber,Towel,Floor Sweeper,Spray,Chopsticks
Bag,0.0,0.7286248203241825,0.8247898354554483,0.6906309959281741,0.5786413574086429,0.7140965964090312,0.5651502293256981,0.40835590291899576
Mirror,0.7286248203241825,0.0,1.0239896674209987,0.9289429353002087,1.1375699097451446,0.7469567993883963,1.2254438606329972,1.112710385396802
Plate,0.8247898354554483,1.0239896674209987,0.0,0.5509266080072307,0.5360501032513504,0.8106521965193701,0.6023786301269807,0.7065178551027004
Rubber,0.6906309959281741,0.9289429353002087,0.5509266080072307,0.0,0.525931582988109,0.7269963023940279,0.4294604727743467,0.7290105756847375
Towel,0.5786413574086429,1.1375699097451446,0.5360501032513504,0.525931582988109,0.0,0.5031710852445482,0.5543252838065953,0.48259735475638593
Floor Sweeper,0.7140965964090312,0.7469567993883963,0.8106521965193701,0.7269963023940279,0.5031710852445482,0.0,0.6399949310049969,0.6933538032956789
Spray,0.5651502293256981,1.2254438606329972,0.6023786301269807,0.4294604727743467,0.5543252838065953,0.6399949310049969,0.0,0.5759000759247944
Chopsticks,0.40835590291899576,1.112710385396802,0.7065178551027004,0.7290105756847375,0.48259735475638593,0.6933538032956789,0.5759000759247944,0.0
