,Air Conditioner,Cable,FLASH Memory,Battery,Printer,Calculator,Desktop,Microwave
Air Conditioner,0.0,0.37719149023936105,1.364008654208836,0.6426266108192376,0.6495612297500448,1.0680289561970708,0.6702994060197727,0.534884008910711
Cable,0.37719149023936105,0.0,4.85533627707896,0.9266486387911631,0.561329313774721,0.7239535199538978,0.33275169606860666,0.4274909996092528
FLASH Memory,1.364008654208836,4.85533627707896,0.0,0.7261144608882549,0.3755874664136566,0.570033958928195,0.2999562616579733,0.8078858896733168
Battery,0.6426266108192376,0.9266486387911631,0.7261144608882549,0.0,0.49644929229915197,0.3031743843741286,0.8990754218011503,0.4774637153117425
Printer,0.6495612297500448,0.561329313774721,0.3755874664136566,0.49644929229915197,0.0,0.6017654770139607,0.7457447793019292,0.7372532113644145
Calculator,1.0680289561970708,0.7239535199538978,0.570033958928195,0.3031743843741286,0.6017654770139607,0.0,0.6243823880515513,0.6531715071367874
Desktop,0.6702994060197727,0.33275169606860666,0.2999562616579733,0.8990754218011503,0.7457447793019292,0.6243823880515513,0.0,0.9214374353178463
Microwave,0.534884008910711,0.4274909996092528,0.8078858896733168,0.4774637153117425,0.7372532113644145,0.6531715071367874,0.9214374353178463,0.0
