,Slipper,Towel,Water Bottle,Sketch Pen,LED,Adapter,Hard Disk,Monitor
Slipper,0.0,0.7292830297827925,0.7067435258699746,1.122300955510998,1.4409679563661182,1.0527476149255213,1.3078228831461063,1.5162569201480312
Towel,0.7292830297827925,0.0,0.6984817782541363,0.984281220237084,1.3453656266662326,1.0681841056337393,1.34933844213061,1.3332125186941137
Water Bottle,0.7067435258699746,0.6984817782541363,0.0,0.8776656836584058,1.3309067526944933,1.04313620117243,0.954250830544699,0.9804960004033862
Sketch Pen,1.122300955510998,0.984281220237084,0.8776656836584058,0.0,1.067062660624572,0.9646901893266491,1.162237185558778,1.3396788539541475
LED,1.4409679563661182,1.3453656266662326,1.3309067526944933,1.067062660624572,0.0,0.760156582116669,0.6004547110938525,0.5294856698606151
Adapter,1.0527476149255213,1.0681841056337393,1.04313620117243,0.9646901893266491,0.760156582116669,0.0,0.46987274827257336,0.4028419730621103
Hard Disk,1.3078228831461063,1.34933844213061,0.954250830544699,1.162237185558778,0.6004547110938525,0.46987274827257336,0.0,0.6819998542512812
Monitor,1.5162569201480312,1.3332125186941137,0.9804960004033862,1.3396788539541475,0.5294856698606151,0.4028419730621103,0.6819998542512812,0.0
