,Bag,Plate,Rubber,Floor Sweeper,Smoke detector,Cable,FLASH Memory,Heater
Bag,0.0,0.8205366615534421,0.6883794596578818,0.7010312638057913,0.9850831386271512,1.0994489667048004,0.954482777884772,1.1322579385509983
Plate,0.8205366615534421,0.0,0.5503833450229552,0.8013011324478249,1.6581523264179279,0.6434925087322098,1.2328141402118282,1.232627254313269
Rubber,0.6883794596578818,0.5503833450229552,0.0,0.7232110134968768,1.1059594657555296,1.414705250015028,1.1642780077856758,1.013375249544068
Floor Sweeper,0.7010312638057913,0.8013011324478249,0.7232110134968768,0.0,1.3182677314800335,1.219989688027403,0.7295410618929412,1.4290752127106305
Smoke detector,0.9850831386271512,1.6581523264179279,1.1059594657555296,1.3182677314800335,0.0,0.49682233418072436,0.38244536165035486,0.5659749481754719
Cable,1.0994489667048004,0.6434925087322098,1.414705250015028,1.219989688027403,0.49682233418072436,0.0,4.82040168006848,0.44105271327607826
FLASH Memory,0.954482777884772,1.2328141402118282,1.1642780077856758,0.7295410618929412,0.38244536165035486,4.82040168006848,0.0,0.4744502871184638
Heater,1.1322579385509983,1.232627254313269,1.013375249544068,1.4290752127106305,0.5659749481754719,0.44105271327607826,0.4744502871184638,0.0
