,Sketch Pen,Cup,Tissue,Wallet,Adapter,Battery,Camera,Microwave
Sketch Pen,0.0,0.9035738318063654,0.5463595184648743,0.5169465841530352,0.9398626852483772,0.6533410003623988,1.08473494171257,0.9626173588885569
Cup,0.9035738318063654,0.0,0.42163544970651634,0.9858808623941716,0.7639461150758933,1.566943114936596,1.2877736130184718,0.6435808466880684
Tissue,0.5463595184648743,0.42163544970651634,0.0,0.3399043743395313,0.9910585103079784,0.9550604877941549,1.2380715635543422,1.3017711464991057
Wallet,0.5169465841530352,0.9858808623941716,0.3399043743395313,0.0,1.0872304613905217,0.8824448292157487,1.1483290826020107,1.5752720966583686
Adapter,0.9398626852483772,0.7639461150758933,0.9910585103079784,1.0872304613905217,0.0,0.40805115933162794,0.8282665418823512,0.8529761413656697
Battery,0.6533410003623988,1.566943114936596,0.9550604877941549,0.8824448292157487,0.40805115933162794,0.0,0.26212427193664384,0.48195023034736884
Camera,1.08473494171257,1.2877736130184718,1.2380715635543422,1.1483290826020107,0.8282665418823512,0.26212427193664384,0.0,1.0701922962499721
Microwave,0.9626173588885569,0.6435808466880684,1.3017711464991057,1.5752720966583686,0.8529761413656697,0.48195023034736884,1.0701922962499721,0.0
