,Shoes,Slipper,Plate,Rubber,Towel,Spray,Wallet,Briefcase
Shoes,0.0,0.27872896766511013,0.9553635816581308,0.9987826610383241,0.7404040100024053,1.0378347323914767,0.229539469575717,0.9324340915338803
Slipper,0.27872896766511013,0.0,1.1482315686644802,0.7126869678226119,0.7390733620697431,1.1195678417019637,0.5621958372079657,1.0946071916262419
Plate,0.9553635816581308,1.1482315686644802,0.0,0.5542217780183106,0.5767401037924859,0.6432339703130531,0.9099375792659113,0.661556289786866
Rubber,0.9987826610383241,0.7126869678226119,0.5542217780183106,0.0,0.5490379366389803,0.4514454817805865,0.9524422121985616,1.0140038655086314
Towel,0.7404040100024053,0.7390733620697431,0.5767401037924859,0.5490379366389803,0.0,0.604686316992819,0.9299101590240778,0.6923659219948383
Spray,1.0378347323914767,1.1195678417019637,0.6432339703130531,0.4514454817805865,0.604686316992819,0.0,0.7743513360134983,0.4829536549929704
Wallet,0.229539469575717,0.5621958372079657,0.9099375792659113,0.9524422121985616,0.9299101590240778,0.7743513360134983,0.0,0.30172548726550324
Briefcase,0.9324340915338803,1.0946071916262419,0.661556289786866,1.0140038655086314,0.6923659219948383,0.4829536549929704,0.30172548726550324,0.0
