,Switch,Heat Sink,Motor,Vending Machine,Printer,Heater,Calculator,Induction Cooker
Switch,0.0,0.852943349331778,0.5424196491123833,0.7295882435974597,0.42767008822790037,0.5079687335092948,0.8279686933787427,0.3624724285886591
Heat Sink,0.852943349331778,0.0,1.0190364042773787,0.4456154380536332,0.9601453463680648,0.2887911254722217,1.6411263186854654,0.5066290071813457
Motor,0.5424196491123833,1.0190364042773787,0.0,0.851785354007678,0.4115218343348517,0.34288621983780443,1.164727436047839,0.8428486981764493
Vending Machine,0.7295882435974597,0.4456154380536332,0.851785354007678,0.0,1.1328046544538184,0.9130757602668403,1.1227771937843045,0.8901129204675261
Printer,0.42767008822790037,0.9601453463680648,0.4115218343348517,1.1328046544538184,0.0,0.5326661236483355,0.6042273867978706,0.702807229150606
Heater,0.5079687335092948,0.2887911254722217,0.34288621983780443,0.9130757602668403,0.5326661236483355,0.0,0.8235869129271143,1.9707019275220194
Calculator,0.8279686933787427,1.6411263186854654,1.164727436047839,1.1227771937843045,0.6042273867978706,0.8235869129271143,0.0,0.7707913295281915
Induction Cooker,0.3624724285886591,0.5066290071813457,0.8428486981764493,0.8901129204675261,0.702807229150606,1.9707019275220194,0.7707913295281915,0.0
