,Slipper,Key Chain,Teapot,Glasses,Air Conditioner,Calculator,Microwave,Induction Cooker
Slipper,0.0,1.3390473009533748,0.9454145971644107,0.9684952047503201,1.205087988972872,1.3355841326019562,1.6753848300369878,1.5858347891230364
Key Chain,1.3390473009533748,0.0,0.6189432672616801,0.39819922578139294,1.0659681250102129,0.9697959698509623,1.1131584191380017,1.0521349585982203
Teapot,0.9454145971644107,0.6189432672616801,0.0,0.9445272585914372,1.3776366002109188,0.8188610940277804,1.2547754543182865,1.3090238609664633
Glasses,0.9684952047503201,0.39819922578139294,0.9445272585914372,0.0,1.390919107390062,1.071988928722415,1.1151893008634846,0.988881337077792
Air Conditioner,1.205087988972872,1.0659681250102129,1.3776366002109188,1.390919107390062,0.0,1.088634503088262,0.5457281441591819,0.7154485412826687
Calculator,1.3355841326019562,0.9697959698509623,0.8188610940277804,1.071988928722415,1.088634503088262,0.0,0.6593785134767449,0.7840833121206866
Microwave,1.6753848300369878,1.1131584191380017,1.2547754543182865,1.1151893008634846,0.5457281441591819,0.6593785134767449,0.0,0.4199415098564321
Induction Cooker,1.5858347891230364,1.0521349585982203,1.3090238609664633,0.988881337077792,0.7154485412826687,0.7840833121206866,0.4199415098564321,0.0
