,Laptop,Keyboard,LED,RAM,FLASH Memory,Hard Disk,Microphone,Printer
Laptop,0.0,0.23130626528748127,0.5902168245906737,0.3724432949006852,0.3457870738186169,0.29233891828629527,0.5806524212400405,0.9161642842210541
Keyboard,0.23130626528748127,0.0,0.3736043286921576,0.9685682896525695,0.40589721504215864,2.788643765912855,0.5694265420584784,0.807357538979443
LED,0.5902168245906737,0.3736043286921576,0.0,0.5634225483866471,0.7268097155496464,0.5903064691820872,0.6173717710594065,0.34257121665352674
RAM,0.3724432949006852,0.9685682896525695,0.5634225483866471,0.0,0.26199500105477286,0.38610707704236763,0.6273979349430011,0.6123237871297537
FLASH Memory,0.3457870738186169,0.40589721504215864,0.7268097155496464,0.26199500105477286,0.0,0.31517519886600304,0.6909850217170691,0.37819030792426667
Hard Disk,0.29233891828629527,2.788643765912855,0.5903064691820872,0.38610707704236763,0.31517519886600304,0.0,0.9611174455609972,0.5294655666463043
Microphone,0.5806524212400405,0.5694265420584784,0.6173717710594065,0.6273979349430011,0.6909850217170691,0.9611174455609972,0.0,0.8282169526754832
Printer,0.9161642842210541,0.807357538979443,0.34257121665352674,0.6123237871297537,0.37819030792426667,0.5294655666463043,0.8282169526754832,0.0
