,Box,Trash Bin,Toothbrush,Calender,Fridge,Mouse,Adapter,Projector
Box,0.0,0.4236366246371376,2.373533760437148,0.8581702604239404,0.9408013796999509,0.9913442517233648,0.914541773137208,1.1539989973699962
Trash Bin,0.4236366246371376,0.0,0.9798833094434265,1.3809125494160643,1.1940410544402402,1.2169437617418113,0.790221025376955,1.1428163388014625
Toothbrush,2.373533760437148,0.9798833094434265,0.0,0.7063772579748159,1.7436887757687667,0.8268683722461746,0.9895629994605627,1.2669201361326812
Calender,0.8581702604239404,1.3809125494160643,0.7063772579748159,0.0,1.336031758250867,1.1572763709317857,0.9848449438434144,1.8795302098965418
Fridge,0.9408013796999509,1.1940410544402402,1.7436887757687667,1.336031758250867,0.0,0.861430262778764,1.0446819311231146,0.5693922632188609
Mouse,0.9913442517233648,1.2169437617418113,0.8268683722461746,1.1572763709317857,0.861430262778764,0.0,0.3200461818991832,0.923019528111837
Adapter,0.914541773137208,0.790221025376955,0.9895629994605627,0.9848449438434144,1.0446819311231146,0.3200461818991832,0.0,0.530237895129447
Projector,1.1539989973699962,1.1428163388014625,1.2669201361326812,1.8795302098965418,0.5693922632188609,0.923019528111837,0.530237895129447,0.0
