,Shoes,Towel,Spray,Briefcase,Switch,Printer,Heater,Induction Cooker
Shoes,0.0,0.7798717816505654,1.071629416985564,0.9521521050234487,1.4831708538866697,1.8835579191260712,1.34328734448212,0.9172251600384959
Towel,0.7798717816505654,0.0,0.570907386158498,0.6805074871315246,1.081037031186416,1.036330944810459,0.7828959744617859,0.9091352600152312
Spray,1.071629416985564,0.570907386158498,0.0,0.47553825498320385,1.3138927291547935,1.167967331064445,0.7464741355420834,0.9358829462195817
Briefcase,0.9521521050234487,0.6805074871315246,0.47553825498320385,0.0,0.7907557654720729,1.3417171645734594,1.2706191956843038,1.1089357116684304
Switch,1.4831708538866697,1.081037031186416,1.3138927291547935,0.7907557654720729,0.0,0.43249460374722926,0.5177867504686621,0.3671923112605214
Printer,1.8835579191260712,1.036330944810459,1.167967331064445,1.3417171645734594,0.43249460374722926,0.0,0.5440582156857383,0.7359849891840705
Heater,1.34328734448212,0.7828959744617859,0.7464741355420834,1.2706191956843038,0.5177867504686621,0.5440582156857383,0.0,1.965089096870535
Induction Cooker,0.9172251600384959,0.9091352600152312,0.9358829462195817,1.1089357116684304,0.3671923112605214,0.7359849891840705,1.965089096870535,0.0
