,Bag,Bed,Brush,Sketch Pen,Cup,Teapot,Tissue,Wallet
Bag,0.0,1.519925372727363,0.4713421948706056,0.732384749290962,0.7721984603203437,0.6703743220021807,0.3604032362914743,0.3169972679838789
Bed,1.519925372727363,0.0,0.7304378621075284,1.096299189906254,1.1231341159923325,0.08898296506406353,0.9206462400356056,0.6894925754791033
Brush,0.4713421948706056,0.7304378621075284,0.0,0.7918256471286745,0.7324699659443362,0.7907608793883498,0.8698615442016856,0.6736929217257138
Sketch Pen,0.732384749290962,1.096299189906254,0.7918256471286745,0.0,0.903503012367405,0.9399620142785678,0.545890970745833,0.5167124320133867
Cup,0.7721984603203437,1.1231341159923325,0.7324699659443362,0.903503012367405,0.0,0.30100202273079685,0.4217895838086207,0.9842664360795282
Teapot,0.6703743220021807,0.08898296506406353,0.7907608793883498,0.9399620142785678,0.30100202273079685,0.0,0.7833855186335945,1.7116793932614183
Tissue,0.3604032362914743,0.9206462400356056,0.8698615442016856,0.545890970745833,0.4217895838086207,0.7833855186335945,0.0,0.3397986747263942
Wallet,0.3169972679838789,0.6894925754791033,0.6736929217257138,0.5167124320133867,0.9842664360795282,1.7116793932614183,0.3397986747263942,0.0
