,Fridge,Keyboard,Mouse,Earphone,Adapter,Projector,Rice Cooker,Induction Cooker
Fridge,0.0,1.1256208055349932,0.8612538585821349,1.026207436306135,1.0451682942990934,0.5688623239287057,0.8563135237450235,0.636358745272793
Keyboard,1.1256208055349932,0.0,0.29321327328062224,0.45971160316090726,0.40350489233361864,0.8190500268926074,1.0977595336028931,0.7273233185496013
Mouse,0.8612538585821349,0.29321327328062224,0.0,0.8641655342619718,0.32098259005941443,0.9242199924592877,0.5628952797637667,1.1080519904600858
Earphone,1.026207436306135,0.45971160316090726,0.8641655342619718,0.0,0.5011841041044359,0.6614211312902574,1.136101366517158,1.4350877004479434
Adapter,1.0451682942990934,0.40350489233361864,0.32098259005941443,0.5011841041044359,0.0,0.5307107532599638,0.8146294370360125,0.9581309085611563
Projector,0.5688623239287057,0.8190500268926074,0.9242199924592877,0.6614211312902574,0.5307107532599638,0.0,0.7677731191065199,0.6237927172057881
Rice Cooker,0.8563135237450235,1.0977595336028931,0.5628952797637667,1.136101366517158,0.8146294370360125,0.7677731191065199,0.0,0.3406035314968146
Induction Cooker,0.636358745272793,0.7273233185496013,1.1080519904600858,1.4350877004479434,0.9581309085611563,0.6237927172057881,0.3406035314968146,0.0
