,Smoke detector,Fridge,Cable,LED,Motor,FLASH Memory,Heater,Calculator
Smoke detector,0.0,1.0173150501833204,0.4941088770142214,0.7462200996416181,0.6590000257669952,0.3831684571960856,0.565307967213851,0.42038057332863565
Fridge,1.0173150501833204,0.0,0.5508501341146528,0.4327766371676354,1.0334071878296716,1.231372726385844,0.8048675947463647,0.9460244563451824
Cable,0.4941088770142214,0.5508501341146528,0.0,0.5454471751786693,0.31768035923629867,4.8304890484485785,0.44191856842572,0.7274406381113865
LED,0.7462200996416181,0.4327766371676354,0.5454471751786693,0.0,0.5691651247277727,0.7264917422791586,0.7799653130276047,0.4241316255261312
Motor,0.6590000257669952,1.0334071878296716,0.31768035923629867,0.5691651247277727,0.0,0.9380600621197116,0.3452870124292431,1.1657157814985686
FLASH Memory,0.3831684571960856,1.231372726385844,4.8304890484485785,0.7264917422791586,0.9380600621197116,0.0,0.47289771822022963,0.5729410176167465
Heater,0.565307967213851,0.8048675947463647,0.44191856842572,0.7799653130276047,0.3452870124292431,0.47289771822022963,0.0,0.8256365447611853
Calculator,0.42038057332863565,0.9460244563451824,0.7274406381113865,0.4241316255261312,1.1657157814985686,0.5729410176167465,0.8256365447611853,0.0
