,Shoes,Mirror,Bed,Brush,Sketch Pen,Tissue,Calender,Umbrella
Shoes,0.0,0.8861155646704221,0.691394098320474,1.4480558349323018,0.9129891492849774,0.9319020619542076,1.043131771158743,0.4595095929766432
Mirror,0.8861155646704221,0.0,0.37573569599091733,0.9903337295318622,0.7534336773162192,0.9507273317381971,0.5413475883362618,0.7412656713790082
Bed,0.691394098320474,0.37573569599091733,0.0,0.7249740691611759,1.0925666102333726,0.9226093905834855,1.2304743259653614,0.6801864787701181
Brush,1.4480558349323018,0.9903337295318622,0.7249740691611759,0.0,0.7992980966895374,0.8694563833125061,1.0664003889338929,0.9856178151899404
Sketch Pen,0.9129891492849774,0.7534336773162192,1.0925666102333726,0.7992980966895374,0.0,0.5501896959942036,0.622264280925414,0.968245294332246
Tissue,0.9319020619542076,0.9507273317381971,0.9226093905834855,0.8694563833125061,0.5501896959942036,0.0,0.9728526149475918,1.0377230041953898
Calender,1.043131771158743,0.5413475883362618,1.2304743259653614,1.0664003889338929,0.622264280925414,0.9728526149475918,0.0,0.6550220336185253
Umbrella,0.4595095929766432,0.7412656713790082,0.6801864787701181,0.9856178151899404,0.968245294332246,1.0377230041953898,0.6550220336185253,0.0
