,Bag,Brush,Whiteboard,Scissors,Keyboard,Motor,Vending Machine,Printer
Bag,0.0,0.46589981977662315,1.065520920817859,0.6679989160907198,0.5555250533511373,0.6797180525440001,0.9827998318693965,0.8077689447143865
Brush,0.46589981977662315,0.0,0.7569964420251567,0.5941690299961254,0.7477506937519715,1.1515203598758348,1.2631359991355122,0.9210569871426368
Whiteboard,1.065520920817859,0.7569964420251567,0.0,0.7440191908440675,1.037980731718398,1.497921013532602,1.5968172863325842,1.7003856182837425
Scissors,0.6679989160907198,0.5941690299961254,0.7440191908440675,0.0,0.9947855998274321,1.4953094867668744,1.121243419595005,1.195543801325859
Keyboard,0.5555250533511373,0.7477506937519715,1.037980731718398,0.9947855998274321,0.0,0.8106178910135586,1.0730303561685555,0.8256379719038347
Motor,0.6797180525440001,1.1515203598758348,1.497921013532602,1.4953094867668744,0.8106178910135586,0.0,0.8522182305422071,0.407095923856741
Vending Machine,0.9827998318693965,1.2631359991355122,1.5968172863325842,1.121243419595005,1.0730303561685555,0.8522182305422071,0.0,1.1318601170683087
Printer,0.8077689447143865,0.9210569871426368,1.7003856182837425,1.195543801325859,0.8256379719038347,0.407095923856741,1.1318601170683087,0.0
