,Trash Bin,Spray,Toothbrush,Glasses,Laptop,Mouse,Projector,Monitor
Trash Bin,0.0,0.9133844212020166,0.9486652071740788,0.7132516371403058,1.380756541895001,1.2079405765614086,1.0748868904836881,0.8413237827123651
Spray,0.9133844212020166,0.0,1.0837775697864362,0.771170887038523,1.2035069249883883,0.9084999707422822,1.191216835599115,1.1933591521819022
Toothbrush,0.9486652071740788,1.0837775697864362,0.0,1.023877003857766,5.888426393825315,0.8417653157846476,1.2519013008866864,1.260279859621046
Glasses,0.7132516371403058,0.771170887038523,1.023877003857766,0.0,0.7943598502401223,1.050628407271483,1.2996113931127933,0.8047669519080511
Laptop,1.380756541895001,1.2035069249883883,5.888426393825315,0.7943598502401223,0.0,0.6557529431049399,0.859237906899117,0.4594455347908164
Mouse,1.2079405765614086,0.9084999707422822,0.8417653157846476,1.050628407271483,0.6557529431049399,0.0,0.9558639096595177,0.9340295538104713
Projector,1.0748868904836881,1.191216835599115,1.2519013008866864,1.2996113931127933,0.859237906899117,0.9558639096595177,0.0,0.7070621062650665
Monitor,0.8413237827123651,1.1933591521819022,1.260279859621046,0.8047669519080511,0.4594455347908164,0.9340295538104713,0.7070621062650665,0.0
