,Slipper,Plate,Towel,Water Bottle,Sketch Pen,Cup,Teapot,Trash Bin
Slipper,0.0,1.1639369745488046,0.7263685360835606,0.7050507753829612,1.1650520345674817,1.2535001404611705,0.9422326891220838,0.8037340041937956
Plate,1.1639369745488046,0.0,0.5291274925928634,0.6221676879311896,0.9360042820453758,0.35163670750416076,0.36271729636861444,0.8103315691544821
Towel,0.7263685360835606,0.5291274925928634,0.0,0.6757022078232074,0.9618302462513888,0.7541037127197653,0.7797684081296847,0.5204102672113547
Water Bottle,0.7050507753829612,0.6221676879311896,0.6757022078232074,0.0,0.8666756945366719,0.2751843072727496,3.7106791674157624,0.7805917555287285
Sketch Pen,1.1650520345674817,0.9360042820453758,0.9618302462513888,0.8666756945366719,0.0,0.9046071339419524,0.9431725138466667,1.1213967411151144
Cup,1.2535001404611705,0.35163670750416076,0.7541037127197653,0.2751843072727496,0.9046071339419524,0.0,0.30183074939782434,1.028838096916742
Teapot,0.9422326891220838,0.36271729636861444,0.7797684081296847,3.7106791674157624,0.9431725138466667,0.30183074939782434,0.0,0.5779139785623236
Trash Bin,0.8037340041937956,0.8103315691544821,0.5204102672113547,0.7805917555287285,1.1213967411151144,1.028838096916742,0.5779139785623236,0.0
