,Smoke detector,Keyboard,Mouse,Heat Sink,Motor,Vending Machine,Printer,Microwave
Smoke detector,0.0,1.0275133810819026,1.0009806192716697,0.5556946782585444,0.6570220582732689,1.1839354123619121,0.964912682542394,0.8346683604644893
Keyboard,1.0275133810819026,0.0,0.2929432401969347,2.0588279305475297,0.8120718800902049,1.071590039332124,0.8229409508173604,1.2108847545493313
Mouse,1.0009806192716697,0.2929432401969347,0.0,1.1799682458835292,0.750825244977407,1.2319606915455448,0.6237115193107171,0.6642196573211755
Heat Sink,0.5556946782585444,2.0588279305475297,1.1799682458835292,0.0,1.020098194162064,0.44553135465334387,0.9597091306609717,0.4236341500747334
Motor,0.6570220582732689,0.8120718800902049,0.750825244977407,1.020098194162064,0.0,0.8519193983132661,0.4102335519129058,0.5928610643028184
Vending Machine,1.1839354123619121,1.071590039332124,1.2319606915455448,0.44553135465334387,0.8519193983132661,0.0,1.132554434539816,0.5867160361247993
Printer,0.964912682542394,0.8229409508173604,0.6237115193107171,0.9597091306609717,0.4102335519129058,1.132554434539816,0.0,0.7279652089803709
Microwave,0.8346683604644893,1.2108847545493313,0.6642196573211755,0.4236341500747334,0.5928610643028184,0.5867160361247993,0.7279652089803709,0.0
