,Plate,Rubber,Water Bottle,Trash Bin,Spray,Tissue,Toothbrush,Glasses
Plate,0.0,0.5520276082925005,0.633199860197569,0.821814087228864,0.6126572080964122,0.6596458213946479,0.6582074504155605,0.8597674878485034
Rubber,0.5520276082925005,0.0,0.8805234483709962,0.7280587640636923,0.435327483973478,0.2667118305721234,0.4855644053814017,0.7363823222601151
Water Bottle,0.633199860197569,0.8805234483709962,0.0,0.7839880953252198,0.42787472893144635,0.6704123425686143,0.49536107611742847,0.42270478873119716
Trash Bin,0.821814087228864,0.7280587640636923,0.7839880953252198,0.0,0.9149944894662566,0.9602441002968245,0.952753305712225,0.7149117261757281
Spray,0.6126572080964122,0.435327483973478,0.42787472893144635,0.9149944894662566,0.0,0.27266270041788454,1.0846512568133793,0.7698606554041271
Tissue,0.6596458213946479,0.2667118305721234,0.6704123425686143,0.9602441002968245,0.27266270041788454,0.0,0.3262592957391918,0.9795712396393016
Toothbrush,0.6582074504155605,0.4855644053814017,0.49536107611742847,0.952753305712225,1.0846512568133793,0.3262592957391918,0.0,1.0270130123271881
Glasses,0.8597674878485034,0.7363823222601151,0.42270478873119716,0.7149117261757281,0.7698606554041271,0.9795712396393016,1.0270130123271881,0.0
