,Smoke detector,Fridge,Adapter,Motor,Battery,Camera,Printer,Microwave
Smoke detector,0.0,1.0084090153509546,1.1158390394233542,0.6548087018921449,1.0798477034919294,1.2801650459460152,0.968522163547028,0.8391734072205767
Fridge,1.0084090153509546,0.0,1.0421678126706106,1.0256067102500415,0.7356201845709407,1.210052581615051,1.031967525809656,0.40918834756323086
Adapter,1.1158390394233542,1.0421678126706106,0.0,0.6957458208837447,0.4000735953184257,0.8283983910429639,0.5154300381573512,0.8478285443964262
Motor,0.6548087018921449,1.0256067102500415,0.6957458208837447,0.0,2.9438846946333013,1.1448655714269613,0.4045500950359835,0.5921459867876302
Battery,1.0798477034919294,0.7356201845709407,0.4000735953184257,2.9438846946333013,0.0,0.2613176700656694,0.4967403723830838,0.47755823718873025
Camera,1.2801650459460152,1.210052581615051,0.8283983910429639,1.1448655714269613,0.2613176700656694,0.0,0.7034156178068525,1.0696826683269791
Printer,0.968522163547028,1.031967525809656,0.5154300381573512,0.4045500950359835,0.4967403723830838,0.7034156178068525,0.0,0.7366830425228985
Microwave,0.8391734072205767,0.40918834756323086,0.8478285443964262,0.5921459867876302,0.47755823718873025,1.0696826683269791,0.7366830425228985,0.0
