,Bed,Sketch Pen,Calender,Umbrella,LED,FLASH Memory,Hard Disk,Printer
Bed,0.0,1.098842534601713,1.2418731721600873,0.6813049044984063,1.4873145515116097,1.2802341790398872,1.0981399532025782,1.6246052570670109
Sketch Pen,1.098842534601713,0.0,0.6110961903283333,0.9680209940958583,1.1127388382019892,1.5037877889011562,1.1232607644634076,1.3887990966931667
Calender,1.2418731721600873,0.6110961903283333,0.0,0.6451990399828118,1.2394090047202149,0.1407983646854326,0.9507111107288788,0.9169778076655353
Umbrella,0.6813049044984063,0.9680209940958583,0.6451990399828118,0.0,1.7757549636597152,1.2404969150385035,1.1905436423895943,1.2437849126284053
LED,1.4873145515116097,1.1127388382019892,1.2394090047202149,1.7757549636597152,0.0,0.7264962240791937,0.5791240697188073,0.33418963215670483
FLASH Memory,1.2802341790398872,1.5037877889011562,0.1407983646854326,1.2404969150385035,0.7264962240791937,0.0,0.3113295575215685,0.37671074170901836
Hard Disk,1.0981399532025782,1.1232607644634076,0.9507111107288788,1.1905436423895943,0.5791240697188073,0.3113295575215685,0.0,0.5257812282951327
Printer,1.6246052570670109,1.3887990966931667,0.9169778076655353,1.2437849126284053,0.33418963215670483,0.37671074170901836,0.5257812282951327,0.0
