,Bag,Mirror,Brush,Key Chain,Whiteboard,Trash Bin,Stamp,Scissors
Bag,0.0,0.7204763757289858,0.4691962042937694,0.47653781663658185,1.0585994431911723,0.7240774817912595,0.4255394863788359,0.666169776979298
Mirror,0.7204763757289858,0.0,0.9975834528219217,0.7566104443171443,0.6795074915569531,1.186753791718978,1.5474192229107988,0.6798362229256183
Brush,0.4691962042937694,0.9975834528219217,0.0,0.6588576923681777,0.7535991146351062,2.6639632209988005,0.6180755147300764,0.5963428173157818
Key Chain,0.47653781663658185,0.7566104443171443,0.6588576923681777,0.0,0.9263415690140266,1.1856284201187832,0.8644677088952503,0.8028021927431167
Whiteboard,1.0585994431911723,0.6795074915569531,0.7535991146351062,0.9263415690140266,0.0,1.1761613029301952,3.1920299048320704,0.7445549623711221
Trash Bin,0.7240774817912595,1.186753791718978,2.6639632209988005,1.1856284201187832,1.1761613029301952,0.0,0.7742835143048463,0.6203981646728183
Stamp,0.4255394863788359,1.5474192229107988,0.6180755147300764,0.8644677088952503,3.1920299048320704,0.7742835143048463,0.0,0.439138638220482
Scissors,0.666169776979298,0.6798362229256183,0.5963428173157818,0.8028021927431167,0.7445549623711221,0.6203981646728183,0.439138638220482,0.0
