,Laptop,LED,Adapter,RAM,Hard Disk,Microphone,Monitor,Heater
Laptop,0.0,0.5925097392588945,0.4261569671335214,0.38457166717797175,0.3027960776398907,0.6113282563526311,0.4562111827557419,0.6242917920526047
LED,0.5925097392588945,0.0,0.7737212314740178,0.57697765917449,0.6090437189266814,0.6200787517165587,0.5286206286787271,0.8107715040108331
Adapter,0.4261569671335214,0.7737212314740178,0.0,0.5922583050186534,0.47353982855148125,0.7167484454877178,0.4069031613444713,0.9299683591582197
RAM,0.38457166717797175,0.57697765917449,0.5922583050186534,0.0,0.40039555371285684,0.6264313809695741,0.2473743818063342,0.7144242826298293
Hard Disk,0.3027960776398907,0.6090437189266814,0.47353982855148125,0.40039555371285684,0.0,0.9704278036553214,0.6894715341566311,1.1829163545705614
Microphone,0.6113282563526311,0.6200787517165587,0.7167484454877178,0.6264313809695741,0.9704278036553214,0.0,0.4653062578623221,0.9000385242694057
Monitor,0.4562111827557419,0.5286206286787271,0.4069031613444713,0.2473743818063342,0.6894715341566311,0.4653062578623221,0.0,0.49547352320453814
Heater,0.6242917920526047,0.8107715040108331,0.9299683591582197,0.7144242826298293,1.1829163545705614,0.9000385242694057,0.49547352320453814,0.0
