,Smartphone,Air Conditioner,FLASH Memory,Calculator,Desktop,Microwave,Rice Cooker,Induction Cooker
Smartphone,0.0,0.7857059106695539,0.8104303718564987,0.4444511042772823,0.42190051880258117,0.8542913775466806,0.6058291376246445,1.0331982757637892
Air Conditioner,0.7857059106695539,0.0,1.3507657273009428,1.0805772576177097,0.6810706109232911,0.5415239230119825,0.7634022142160828,0.7150560251699599
FLASH Memory,0.8104303718564987,1.3507657273009428,0.0,0.5738819031934569,0.30057339194425353,0.8072074836601157,1.0298984438507484,0.9541251104904434
Calculator,0.4444511042772823,1.0805772576177097,0.5738819031934569,0.0,0.6253058805030546,0.6570459081000647,1.3369338346509347,0.7766494937746347
Desktop,0.42190051880258117,0.6810706109232911,0.30057339194425353,0.6253058805030546,0.0,0.9203952769483292,0.920164846495262,0.7108704440137812
Microwave,0.8542913775466806,0.5415239230119825,0.8072074836601157,0.6570459081000647,0.9203952769483292,0.0,0.4100647956838158,0.4181150654627164
Rice Cooker,0.6058291376246445,0.7634022142160828,1.0298984438507484,1.3369338346509347,0.920164846495262,0.4100647956838158,0.0,0.34248383518314574
Induction Cooker,1.0331982757637892,0.7150560251699599,0.9541251104904434,0.7766494937746347,0.7108704440137812,0.4181150654627164,0.34248383518314574,0.0
