,Slipper,Tape,Box,Trash Bin,Spray,Wallet,Toothbrush,Calender
Slipper,0.0,1.2394839896398973,0.8512010606919715,0.8105313606170104,1.064563683824808,0.5182877366645714,0.6136309823497396,1.0197616465496437
Tape,1.2394839896398973,0.0,0.6290407305635715,0.6710919015740955,0.8780645558963822,0.3236916157200552,0.7008391222173136,0.25554640218411256
Box,0.8512010606919715,0.6290407305635715,0.0,0.41666229836035945,0.8292351877557722,1.0454144271200216,2.380581952072898,0.8554165019144675
Trash Bin,0.8105313606170104,0.6710919015740955,0.41666229836035945,0.0,0.9208172732100766,0.784475703924727,0.9675733424806376,1.388554920474373
Spray,1.064563683824808,0.8780645558963822,0.8292351877557722,0.9208172732100766,0.0,0.7791031065036605,1.087886621453787,0.9092363275286756
Wallet,0.5182877366645714,0.3236916157200552,1.0454144271200216,0.784475703924727,0.7791031065036605,0.0,0.8897969022241755,0.6580028273464342
Toothbrush,0.6136309823497396,0.7008391222173136,2.380581952072898,0.9675733424806376,1.087886621453787,0.8897969022241755,0.0,0.7225932992894977
Calender,1.0197616465496437,0.25554640218411256,0.8554165019144675,1.388554920474373,0.9092363275286756,0.6580028273464342,0.7225932992894977,0.0
