,Bag,Mirror,Brush,Rubber,Water Bottle,Marker Pen,Trash Bin,Spray
Bag,0.0,0.7204850933606305,0.4692534267776068,0.6875784340747404,0.3819145946828178,0.3664993869099575,0.7239828200706377,0.5522652220334187
Mirror,0.7204850933606305,0.0,0.9974082378012309,0.9224853923966183,1.0296845870135467,0.801955729068094,1.1868213819281586,1.2227200827837679
Brush,0.4692534267776068,0.9974082378012309,0.0,0.5058053476742637,0.874711662498688,0.6128413373008682,2.6638228591266717,0.6970278955144334
Rubber,0.6875784340747404,0.9224853923966183,0.5058053476742637,0.0,0.8747514699107569,0.43869206327080684,0.6573809937148221,0.4232580332480162
Water Bottle,0.3819145946828178,1.0296845870135467,0.874711662498688,0.8747514699107569,0.0,0.9256905732766345,0.7796830330503335,0.4082581898786757
Marker Pen,0.3664993869099575,0.801955729068094,0.6128413373008682,0.43869206327080684,0.9256905732766345,0.0,0.9324898512303944,0.8973846907545967
Trash Bin,0.7239828200706377,1.1868213819281586,2.6638228591266717,0.6573809937148221,0.7796830330503335,0.9324898512303944,0.0,0.9257015256697979
Spray,0.5522652220334187,1.2227200827837679,0.6970278955144334,0.4232580332480162,0.4082581898786757,0.8973846907545967,0.9257015256697979,0.0
