,Laptop,Switch,Air Conditioner,Smoke detector,Earphone,FLASH Memory,Microphone,Rice Cooker
Laptop,0.0,0.4492478966783324,0.7577090946650015,1.3072135938931235,0.5122661726246039,0.3598674944382849,0.5123123107349826,1.2370407657012472
Switch,0.4492478966783324,0.0,0.5034603447969469,0.6136067700074787,1.3311311118212705,0.9354959900428396,0.487042542550413,1.1201329994319287
Air Conditioner,0.7577090946650015,0.5034603447969469,0.0,0.5995766761049242,1.438714205868357,2.7112549494918086,0.3677453581023999,0.7399996109873221
Smoke detector,1.3072135938931235,0.6136067700074787,0.5995766761049242,0.0,0.6812788340597814,0.45152537943702603,0.6091633815271444,1.1161886664868168
Earphone,0.5122661726246039,1.3311311118212705,1.438714205868357,0.6812788340597814,0.0,0.6995076125940947,0.41484346467685196,1.1444283774537156
FLASH Memory,0.3598674944382849,0.9354959900428396,2.7112549494918086,0.45152537943702603,0.6995076125940947,0.0,0.6753062193737239,1.028804430849987
Microphone,0.5123123107349826,0.487042542550413,0.3677453581023999,0.6091633815271444,0.41484346467685196,0.6753062193737239,0.0,0.7550394826740654
Rice Cooker,1.2370407657012472,1.1201329994319287,0.7399996109873221,1.1161886664868168,1.1444283774537156,1.028804430849987,0.7550394826740654,0.0
