,Slipper,Bottle,Water Bottle,Glasses,Air Conditioner,FLASH Memory,Microphone,Vending Machine
Slipper,0.0,1.1012552812080212,0.7097775153899508,1.2278332591745005,1.2360809085370303,0.31477107277073796,1.2489553021815087,1.5687460614031734
Bottle,1.1012552812080212,0.0,0.2858970224727346,0.5712590792984129,1.040943006105335,1.3542745173796336,0.8676778426228868,0.49862353976441787
Water Bottle,0.7097775153899508,0.2858970224727346,0.0,0.4371099047605963,2.6411990780992687,0.6747171156625673,0.9127362748255232,0.456083315265805
Glasses,1.2278332591745005,0.5712590792984129,0.4371099047605963,0.0,1.1466632445524974,0.9167737170392736,1.0500441155704614,1.0630883791976675
Air Conditioner,1.2360809085370303,1.040943006105335,2.6411990780992687,1.1466632445524974,0.0,2.7187708555108507,0.3680395673984867,1.124328345417819
FLASH Memory,0.31477107277073796,1.3542745173796336,0.6747171156625673,0.9167737170392736,2.7187708555108507,0.0,0.6754742898270343,1.012204582952895
Microphone,1.2489553021815087,0.8676778426228868,0.9127362748255232,1.0500441155704614,0.3680395673984867,0.6754742898270343,0.0,1.6617632828572027
Vending Machine,1.5687460614031734,0.49862353976441787,0.456083315265805,1.0630883791976675,1.124328345417819,1.012204582952895,1.6617632828572027,0.0
