,Bag,Rubber,Water Bottle,Tape,Cup,Tissue,Toothbrush,Glasses
Bag,0.0,0.6681782706991708,0.6057370274294519,0.6275801351848551,0.7755699996514964,0.3676388894055246,0.4962186273416842,0.36984195598121744
Rubber,0.6681782706991708,0.0,1.0131837635033643,0.5702181422377074,1.209556537131429,0.4088539575299941,0.5024926591854915,0.7628764568043284
Water Bottle,0.6057370274294519,1.0131837635033643,0.0,0.9072888090223146,0.2964452322569172,0.6105988386469255,0.4778839557949085,0.4364669018906846
Tape,0.6275801351848551,0.5702181422377074,0.9072888090223146,0.0,0.788729538129065,0.45025453573390195,0.7105849196150369,0.9935843209582206
Cup,0.7755699996514964,1.209556537131429,0.2964452322569172,0.788729538129065,0.0,0.4303394793771981,0.41896398322065026,0.6531274180718246
Tissue,0.3676388894055246,0.4088539575299941,0.6105988386469255,0.45025453573390195,0.4303394793771981,0.0,0.3592913004825758,0.9893271563476287
Toothbrush,0.4962186273416842,0.5024926591854915,0.4778839557949085,0.7105849196150369,0.41896398322065026,0.3592913004825758,0.0,1.138880527484109
Glasses,0.36984195598121744,0.7628764568043284,0.4364669018906846,0.9935843209582206,0.6531274180718246,0.9893271563476287,1.138880527484109,0.0
