,Bag,Slipper,Mirror,Bottle,Water Bottle,Marker Pen,Briefcase,Glasses
Bag,0.0,0.752482921066204,0.6382460494100799,0.48177356620338385,0.6062246014448772,0.3687698673527931,0.2989625278320716,0.3705245475286762
Slipper,0.752482921066204,0.0,0.43799793683273003,1.1011678440878148,0.7099363077055489,0.9302243166880679,1.1361770257633892,1.2276143836506879
Mirror,0.6382460494100799,0.43799793683273003,0.0,0.9608291630113656,1.0975888359172778,0.597419658456057,1.0504591527401463,0.36779226846341323
Bottle,0.48177356620338385,1.1011678440878148,0.9608291630113656,0.0,0.2857584803434001,0.619972428139521,0.5816214319361265,0.5711875794148754
Water Bottle,0.6062246014448772,0.7099363077055489,1.0975888359172778,0.2857584803434001,0.0,0.861853053389402,0.806084122500549,0.4370953930456958
Marker Pen,0.3687698673527931,0.9302243166880679,0.597419658456057,0.619972428139521,0.861853053389402,0.0,0.5986860079482096,0.7294552729347107
Briefcase,0.2989625278320716,1.1361770257633892,1.0504591527401463,0.5816214319361265,0.806084122500549,0.5986860079482096,0.0,0.6064713009603281
Glasses,0.3705245475286762,1.2276143836506879,0.36779226846341323,0.5711875794148754,0.4370953930456958,0.7294552729347107,0.6064713009603281,0.0
