,Slipper,Mirror,Bottle,Key Chain,Tape,Box,Whiteboard,Glasses
Slipper,0.0,0.4380764206381335,1.101052611961037,1.125311368399538,1.4342662158928117,0.8619423912233876,1.7894321441949221,1.226397413178597
Mirror,0.4380764206381335,0.0,0.9621749159184566,0.8033687060370623,1.031175036733555,1.3056670976069191,0.7085138392155891,0.36605454203755755
Bottle,1.101052611961037,0.9621749159184566,0.0,0.6459223764233453,0.8102132198109946,0.4001682999628472,1.0502966239276976,0.5708031656665365
Key Chain,1.125311368399538,0.8033687060370623,0.6459223764233453,0.0,0.5819796558171552,0.8194259232166059,0.9397971439214002,0.5283475857531635
Tape,1.4342662158928117,1.031175036733555,0.8102132198109946,0.5819796558171552,0.0,0.6455858011237577,1.2522782402049153,0.9933564599087098
Box,0.8619423912233876,1.3056670976069191,0.4001682999628472,0.8194259232166059,0.6455858011237577,0.0,0.9970189746586288,0.6917259414482763
Whiteboard,1.7894321441949221,0.7085138392155891,1.0502966239276976,0.9397971439214002,1.2522782402049153,0.9970189746586288,0.0,1.2009868762941005
Glasses,1.226397413178597,0.36605454203755755,0.5708031656665365,0.5283475857531635,0.9933564599087098,0.6917259414482763,1.2009868762941005,0.0
