,Remote,Air Conditioner,Smoke detector,Fridge,FLASH Memory,Microphone,Vending Machine,Desktop
Remote,0.0,0.2860688793543735,0.8616592288129802,0.7254319132890645,1.0036313594332542,1.2621041552789327,0.8290168141891675,0.5310505669223774
Air Conditioner,0.2860688793543735,0.0,0.599685149394845,0.3215576401142173,2.7119990735874144,0.3677974421218943,1.1215057297719901,0.6695414677887408
Smoke detector,0.8616592288129802,0.599685149394845,0.0,0.8215837970305019,0.45159923477559577,0.6089939874439133,1.1852065838161192,1.2868029225830455
Fridge,0.7254319132890645,0.3215576401142173,0.8215837970305019,0.0,1.2108496783205251,0.8316636017361557,0.5970097972426969,2.136380567106681
FLASH Memory,1.0036313594332542,2.7119990735874144,0.45159923477559577,1.2108496783205251,0.0,0.675295150332929,1.0132324091853053,0.29588997606348033
Microphone,1.2621041552789327,0.3677974421218943,0.6089939874439133,0.8316636017361557,0.675295150332929,0.0,1.659224127510722,3.2103510297221822
Vending Machine,0.8290168141891675,1.1215057297719901,1.1852065838161192,0.5970097972426969,1.0132324091853053,1.659224127510722,0.0,1.0586889822503913
Desktop,0.5310505669223774,0.6695414677887408,1.2868029225830455,2.136380567106681,0.29588997606348033,3.2103510297221822,1.0586889822503913,0.0
