,Bag,Key Chain,Marker Pen,Glasses,LED,Heat Sink,Monitor,Heater
Bag,0.0,0.49710578102543856,0.36860968703779295,0.36987101150779134,1.5387117119387643,1.208672900960183,1.1820292647397743,1.4712855344085152
Key Chain,0.49710578102543856,0.0,1.058849654121036,0.5282419722423846,1.0756336089300536,1.2228467362087432,1.4492978626034165,1.4898306383043278
Marker Pen,0.36860968703779295,1.058849654121036,0.0,0.7293447578864675,0.7790770319109618,1.0737952096800405,1.303624576335535,1.0534964725102458
Glasses,0.36987101150779134,0.5282419722423846,0.7293447578864675,0.0,1.1735017387863738,0.9494104781972821,0.8217576106904754,1.879511277136443
LED,1.5387117119387643,1.0756336089300536,0.7790770319109618,1.1735017387863738,0.0,0.6942964535867031,0.6407188680407757,0.7935746955427608
Heat Sink,1.208672900960183,1.2228467362087432,1.0737952096800405,0.9494104781972821,0.6942964535867031,0.0,0.48752552169944646,0.3294053427143627
Monitor,1.1820292647397743,1.4492978626034165,1.303624576335535,0.8217576106904754,0.6407188680407757,0.48752552169944646,0.0,0.4399450350587299
Heater,1.4712855344085152,1.4898306383043278,1.0534964725102458,1.879511277136443,0.7935746955427608,0.3294053427143627,0.4399450350587299,0.0
