,Laptop,Remote,Cable,Earphone,Projector,Hard Disk,Monitor,Desktop
Laptop,0.0,0.49017527344974365,0.5446123747332937,0.511238715891498,0.8224792152148421,0.3401290495855116,0.4142357595645036,0.33191870015115404
Remote,0.49017527344974365,0.0,0.8574402380763959,0.6971578430541429,0.382567724776628,0.6558877838518106,0.5693945370977817,0.5318735509939078
Cable,0.5446123747332937,0.8574402380763959,0.0,0.447396059704038,0.359541519797919,0.7401068879932097,0.6317680346607094,0.40723636852078016
Earphone,0.511238715891498,0.6971578430541429,0.447396059704038,0.0,0.6573590124414277,1.0334514608083794,0.5788827667611688,1.018854809943897
Projector,0.8224792152148421,0.382567724776628,0.359541519797919,0.6573590124414277,0.0,0.8622005931333953,0.6739528163191546,0.6918012522870013
Hard Disk,0.3401290495855116,0.6558877838518106,0.7401068879932097,1.0334514608083794,0.8622005931333953,0.0,0.7173779031534986,0.2829823290483146
Monitor,0.4142357595645036,0.5693945370977817,0.6317680346607094,0.5788827667611688,0.6739528163191546,0.7173779031534986,0.0,0.29554087529248424
Desktop,0.33191870015115404,0.5318735509939078,0.40723636852078016,1.018854809943897,0.6918012522870013,0.2829823290483146,0.29554087529248424,0.0
