,Bottle,Key Chain,Trash Bin,Toothbrush,Laptop,Projector,Hard Disk,Monitor
Bottle,0.0,0.6460394462015177,0.6003077042252074,0.8108501096493536,1.1142856688804377,1.136099098002657,0.6896516596125568,1.1030506742250128
Key Chain,0.6460394462015177,0.0,1.0675923413887105,1.3949152318498215,0.9449150076453523,1.2750470792089679,1.620447160310947,1.4495166056362192
Trash Bin,0.6003077042252074,1.0675923413887105,0.0,0.9574988057311379,1.4197857470484492,1.3051254394442684,1.2426490847991172,1.8838904886702348
Toothbrush,0.8108501096493536,1.3949152318498215,0.9574988057311379,0.0,1.0831236863548694,1.3060224895438568,1.0577756481803566,1.29240566766403
Laptop,1.1142856688804377,0.9449150076453523,1.4197857470484492,1.0831236863548694,0.0,0.821705643948419,0.34039444910270056,0.4169080387005723
Projector,1.136099098002657,1.2750470792089679,1.3051254394442684,1.3060224895438568,0.821705643948419,0.0,0.8611154841001724,0.6740896516746218
Hard Disk,0.6896516596125568,1.620447160310947,1.2426490847991172,1.0577756481803566,0.34039444910270056,0.8611154841001724,0.0,0.7183052189840574
Monitor,1.1030506742250128,1.4495166056362192,1.8838904886702348,1.29240566766403,0.4169080387005723,0.6740896516746218,0.7183052189840574,0.0
