,Bag,Shoes,Bottle,Key Chain,Marker Pen,Spray,Briefcase,Glasses
Bag,0.0,0.9058579432162998,0.4817834445887995,0.4959893999034024,0.3687749888208449,0.5560026986788843,0.298967303511028,0.37054066991777374
Shoes,0.9058579432162998,0.0,0.8524653135015728,0.46645677014507286,1.0578809362697525,1.0563460482401705,1.0096491902402167,0.7867915519734358
Bottle,0.4817834445887995,0.8524653135015728,0.0,0.6462959534089227,0.6199715782156676,0.6154209109173497,0.5815996959208339,0.5711993933022188
Key Chain,0.4959893999034024,0.46645677014507286,0.6462959534089227,0.0,1.0578228724424656,1.3329600801989137,0.3144011196770198,0.5297935937034557
Marker Pen,0.3687749888208449,1.0578809362697525,0.6199715782156676,1.0578228724424656,0.0,0.9317569879017428,0.5987281170998999,0.7294965355990863
Spray,0.5560026986788843,1.0563460482401705,0.6154209109173497,1.3329600801989137,0.9317569879017428,0.0,0.4251440912155156,0.7592082027310969
Briefcase,0.298967303511028,1.0096491902402167,0.5815996959208339,0.3144011196770198,0.5987281170998999,0.4251440912155156,0.0,0.6065260322685875
Glasses,0.37054066991777374,0.7867915519734358,0.5711993933022188,0.5297935937034557,0.7294965355990863,0.7592082027310969,0.6065260322685875,0.0
