,Smartphone,Mouse,Heat Sink,Hard Disk,Printer,Desktop,Television,Microwave
Smartphone,0.0,0.8473739945867816,1.7392156795746068,0.8326023369216446,0.9395391683728928,0.45857499445610267,0.8259041771441966,0.9012857025184592
Mouse,0.8473739945867816,0.0,1.206001495097616,0.7139507037255303,0.5823836764166729,1.078893535676608,0.7738524004176185,0.7424563168216
Heat Sink,1.7392156795746068,1.206001495097616,0.0,1.171218542150985,0.9617197355601824,0.6363006392623634,0.8202445261685496,0.48045681898448617
Hard Disk,0.8326023369216446,0.7139507037255303,1.171218542150985,0.0,0.7929438127032084,0.28288589962580973,0.6973585978045447,0.8196925439871525
Printer,0.9395391683728928,0.5823836764166729,0.9617197355601824,0.7929438127032084,0.0,0.7396638533317028,0.9455036079187195,0.7005936010837822
Desktop,0.45857499445610267,1.078893535676608,0.6363006392623634,0.28288589962580973,0.7396638533317028,0.0,0.6419600731036443,0.9090362355881472
Television,0.8259041771441966,0.7738524004176185,0.8202445261685496,0.6973585978045447,0.9455036079187195,0.6419600731036443,0.0,1.0293122983702017
Microwave,0.9012857025184592,0.7424563168216,0.48045681898448617,0.8196925439871525,0.7005936010837822,0.9090362355881472,1.0293122983702017,0.0
