,Bottle,Key Chain,Whiteboard,Calender,Air Conditioner,Battery,Camera,Printer
Bottle,0.0,0.6457357362705389,1.0493950960237104,1.28135658772313,1.0449588420135556,1.0573516070028754,1.105488334717981,2.708805664297749
Key Chain,0.6457357362705389,0.0,0.9409534143770881,0.8018315415906346,1.039185514590371,1.158200472597516,1.0311019196958588,0.9784923754090357
Whiteboard,1.0493950960237104,0.9409534143770881,0.0,0.41421899513891697,1.7274620881247078,1.2814127626229728,1.4865160217429922,1.7073671767970555
Calender,1.28135658772313,0.8018315415906346,0.41421899513891697,0.0,0.648844008887823,1.0464309108903838,1.3846040035681413,0.9077067234757823
Air Conditioner,1.0449588420135556,1.039185514590371,1.7274620881247078,0.648844008887823,0.0,0.6243249476582432,1.2195093410533628,0.6900276599342207
Battery,1.0573516070028754,1.158200472597516,1.2814127626229728,1.0464309108903838,0.6243249476582432,0.0,0.2714548075720956,0.5293433542681454
Camera,1.105488334717981,1.0311019196958588,1.4865160217429922,1.3846040035681413,1.2195093410533628,0.2714548075720956,0.0,0.6535198277511275
Printer,2.708805664297749,0.9784923754090357,1.7073671767970555,0.9077067234757823,0.6900276599342207,0.5293433542681454,0.6535198277511275,0.0
