,Bag,Scissors,Toothbrush,Chopsticks,Projector,FLASH Memory,Hard Disk,Microphone
Bag,0.0,0.6736414848432782,1.0146579696112898,1.0220489015620278,1.3410241813008417,0.7827653838227807,1.0291213068677596,1.4297611576008817
Scissors,0.6736414848432782,0.0,0.6947479679193485,0.6385413650019679,1.255939172018227,0.8887996416575272,1.2318304325845189,1.006851674154511
Toothbrush,1.0146579696112898,0.6947479679193485,0.0,2.909698393152657,1.1231473375121324,1.1601716918365146,0.5632411643797957,0.884379653792018
Chopsticks,1.0220489015620278,0.6385413650019679,2.909698393152657,0.0,1.3827094898424255,1.281370640764172,1.4208214369611636,1.2460585697398474
Projector,1.3410241813008417,1.255939172018227,1.1231473375121324,1.3827094898424255,0.0,0.462255477592256,0.32413729395987195,0.31642052822080713
FLASH Memory,0.7827653838227807,0.8887996416575272,1.1601716918365146,1.281370640764172,0.462255477592256,0.0,0.24163730628209626,1.000004342563777
Hard Disk,1.0291213068677596,1.2318304325845189,0.5632411643797957,1.4208214369611636,0.32413729395987195,0.24163730628209626,0.0,0.28195970967954254
Microphone,1.4297611576008817,1.006851674154511,0.884379653792018,1.2460585697398474,0.31642052822080713,1.000004342563777,0.28195970967954254,0.0
