,Bag,Scissors,Toothbrush,Chopsticks,Projector,FLASH Memory,Hard Disk,Microphone
Bag,0.0,0.7204873264655101,0.9176460036465207,0.915467046197374,1.3311933964320963,0.7796690913559156,1.0288228811285516,1.367749893333611
Scissors,0.7204873264655101,0.0,0.703761683174718,0.6183305934380803,1.4565279383154395,1.009155533037025,1.064349361369808,1.0938392576584226
Toothbrush,0.9176460036465207,0.703761683174718,0.0,0.09358081701011922,1.037205368680565,1.1775478085612971,0.5296135025006441,0.4981065562245096
Chopsticks,0.915467046197374,0.6183305934380803,0.09358081701011922,0.0,1.377575796476276,1.280000507413275,1.4591617914934933,1.4892219442211865
Projector,1.3311933964320963,1.4565279383154395,1.037205368680565,1.377575796476276,0.0,0.4369586626816983,0.292098416219107,0.2357455864379201
FLASH Memory,0.7796690913559156,1.009155533037025,1.1775478085612971,1.280000507413275,0.4369586626816983,0.0,0.20537510046634538,1.5382641650793247
Hard Disk,1.0288228811285516,1.064349361369808,0.5296135025006441,1.4591617914934933,0.292098416219107,0.20537510046634538,0.0,0.2704408628845701
Microphone,1.367749893333611,1.0938392576584226,0.4981065562245096,1.4892219442211865,0.2357455864379201,1.5382641650793247,0.2704408628845701,0.0
